pi_time,angle,velocity,acceleration,current
1.1512982845306396,17.459945067521176,0.5494505494505475,-0.0,-0.00439560439560438,0.0,0
1.5703198909759521,-0.0017166399633783413,0.5494505494505475,-0.0,0.03076923076923066,1.9399938963912415,0
1.580223560333252,-0.0017166399633783413,-0.5494505494505475,110.9589849232109,0.03076923076923066,12.499809262226291,0
1.5900671482086182,-0.0017166399633783413,0.1098901098901095,-66.9817415853696,0.00439560439560438,12.499809262226291,0
1.6000299453735352,-0.0017166399633783413,0.5494505494505475,-44.120183547277946,-0.01318681318681314,12.499809262226291,0
1.6102375984191895,-0.0017166399633783413,-0.1098901098901095,64.59277724191047,0.00439560439560438,12.499809262226291,0
1.6203508377075195,-0.0017166399633783413,0.5494505494505475,-65.19579340928745,-0.03076923076923066,12.499809262226291,0
1.6301705837249756,-0.0017166399633783413,-0.9890109890109855,156.67019653325954,0.0219780219780219,12.499809262226291,0
1.640028476715088,-0.0017166399633783413,0.3296703296703285,-133.76908432704454,0.03076923076923066,12.499809262226291,0
1.6500205993652344,-0.0017166399633783413,-0.9890109890109855,131.9720909012243,-0.00439560439560438,12.499809262226291,0
1.659996509552002,-0.0017166399633783413,-0.3296703296703285,-66.09328341941483,0.01318681318681314,12.499809262226291,0
1.6700294017791748,-0.0017166399633783413,0.5494505494505475,-87.62387347687095,0.01318681318681314,12.499809262226291,0
1.6800189018249512,-0.0017166399633783413,-0.3296703296703285,88.00449222607239,0.00439560439560438,12.499809262226291,0
1.690016508102417,-0.0017166399633783413,-0.3296703296703285,-0.0,0.05714285714285694,12.499809262226291,0
1.699993371963501,-0.0017166399633783413,-0.1098901098901095,-22.02898855195363,0.00439560439560438,12.499809262226291,0
1.709946870803833,-0.0017166399633783413,1.2087912087912045,-132.4841987561155,-0.01318681318681314,12.499809262226291,0
1.7199385166168213,-0.0017166399633783413,-0.1098901098901095,131.9783890825215,0.01318681318681314,12.499809262226291,0
1.7299377918243408,-0.0017166399633783413,0.1098901098901095,-21.97961504399265,-0.01318681318681314,12.499809262226291,0
1.739936351776123,-0.0017166399633783413,0.3296703296703285,-21.98118737499229,-0.01318681318681314,12.499809262226291,0
1.7499456405639648,-0.0017166399633783413,0.3296703296703285,-0.0,-0.01318681318681314,12.499809262226291,0
1.7600212097167969,-0.0017166399633783413,-0.3296703296703285,65.43954483755691,0.00439560439560438,12.499809262226291,0
1.7699625492095947,-0.0017166399633783413,0.7692307692307665,-110.53853454026088,0.01318681318681314,12.499809262226291,0
1.7799403667449951,-0.0017166399633783413,-0.3296703296703285,110.13441516667284,-0.00439560439560438,12.499809262226291,0
1.7899322509765625,-0.0017166399633783413,-0.5494505494505475,21.99587331945529,0.04835164835164818,12.499809262226291,0
1.80027174949646,-0.0017166399633783413,0.1098901098901095,-63.76911395381639,-0.00439560439560438,12.499809262226291,0
1.809962511062622,-0.0017166399633783413,0.1098901098901095,-0.0,0.03956043956043942,12.499809262226291,0
1.819957971572876,-0.0017166399633783413,-0.1098901098901095,21.988003409623406,-0.0219780219780219,12.499809262226291,0
1.8300013542175293,-0.0017166399633783413,-0.5494505494505475,43.76617471549207,0.01318681318681314,12.499809262226291,0
1.839958906173706,-0.0017166399633783413,0.1098901098901095,-66.21513623453023,0.01318681318681314,12.499809262226291,0
1.8499548435211182,-0.0017166399633783413,0.5494505494505475,-43.973909027574855,0.0219780219780219,12.499809262226291,0
1.8599517345428467,-0.0017166399633783413,-0.1098901098901095,65.9545710669009,0.0219780219780219,12.499809262226291,0
1.8699531555175781,-0.0017166399633783413,0.1098901098901095,-21.974899400344505,0.00439560439560438,12.499809262226291,0
1.8799476623535156,-0.0017166399633783413,0.1098901098901095,-0.0,0.01318681318681314,12.499809262226291,0
1.8899545669555664,-0.0017166399633783413,0.1098901098901095,-0.0,0.00439560439560438,12.499809262226291,0
1.8999505043029785,-0.0017166399633783413,-0.3296703296703285,43.973909027574855,0.05714285714285694,12.499809262226291,0
1.9099476337432861,-0.0017166399633783413,-0.3296703296703285,-0.0,0.03076923076923066,12.499809262226291,0
1.9199469089508057,-0.0017166399633783413,0.1098901098901095,-43.9592300879853,0.03076923076923066,12.499809262226291,0
1.9300017356872559,-0.0017166399633783413,0.5494505494505475,-43.71636141346604,0.01318681318681314,12.499809262226291,0
1.9403808116912842,-0.0017166399633783413,0.9890109890109855,-42.350633080424124,0.01318681318681314,12.499809262226291,0
1.9503438472747803,-0.0017166399633783413,0.3296703296703285,66.1786916060868,-0.01318681318681314,12.499809262226291,0
1.9603867530822754,-0.0017166399633783413,-0.5494505494505475,87.53650546685199,-0.00439560439560438,12.499809262226291,0
1.9703989028930664,-0.0017166399633783413,0.1098901098901095,-65.85405450386139,0.00439560439560438,12.499809262226291,0
1.9803028106689453,-0.0017166399633783413,-0.9890109890109855,110.95631378731966,0.03956043956043942,12.499809262226291,0
1.9903182983398438,-0.0017166399633783413,-0.9890109890109855,-0.0,0.0219780219780219,12.499809262226291,0
2.000337600708008,-0.0017166399633783413,0.5494505494505475,-153.54976643383213,-0.03076923076923066,12.499809262226291,0
2.010312795639038,-0.0017166399633783413,0.7692307692307665,-22.032674178279873,-0.00439560439560438,12.499809262226291,0
2.0203440189361572,-0.0017166399633783413,-0.5494505494505475,131.45767765532895,-0.0219780219780219,12.499809262226291,0
2.0303707122802734,-0.0017166399633783413,-0.1098901098901095,-43.83902294352879,0.0219780219780219,12.499809262226291,0
2.0403401851654053,-0.0017166399633783413,-0.1098901098901095,-0.0,-0.03076923076923066,12.499809262226291,0
2.0503406524658203,-0.0017166399633783413,0.1098901098901095,-21.976994992133786,-0.00439560439560438,12.499809262226291,0
2.060340404510498,-0.0017166399633783413,0.5494505494505475,-43.95713389657392,0.03956043956043942,12.499809262226291,0
2.0704071521759033,-0.0017166399633783413,-0.3296703296703285,87.32918598347362,0.03956043956043942,12.499809262226291,0
2.080338954925537,-0.0017166399633783413,0.3296703296703285,-66.38680569496495,0.00439560439560438,12.499809262226291,0
2.09033465385437,-0.0017166399633783413,-0.9890109890109855,131.92487369517733,0.03956043956043942,12.499809262226291,0
2.1003363132476807,-0.0017166399633783413,1.4285714285714235,-241.71813121324357,-0.01318681318681314,12.499809262226291,0
2.1103365421295166,-0.0017166399633783413,0.3296703296703285,109.88759476266588,0.01318681318681314,12.499809262226291,0
2.1204020977020264,-0.0017166399633783413,-0.9890109890109855,131.00929294780212,-0.00439560439560438,12.499809262226291,0
2.130366802215576,-0.0017166399633783413,1.2087912087912045,-220.55869241417673,-0.00439560439560438,12.499809262226291,0
2.140334129333496,-0.0017166399633783413,-0.7692307692307665,198.4505930848554,0.03076923076923066,12.499809262226291,0
2.1503355503082275,-0.0017166399633783413,0.1098901098901095,-87.89959760137802,0.0219780219780219,12.499809262226291,0
2.1603524684906006,-0.0017166399633783413,-0.3296703296703285,43.88180391988631,-0.03956043956043942,12.499809262226291,0
2.170387029647827,-0.0017166399633783413,-0.1098901098901095,-21.90232500819834,0.00439560439560438,12.499809262226291,0
2.180370330810547,-0.0017166399633783413,-0.5494505494505475,44.02956821555903,0.00439560439560438,12.499809262226291,0
2.190372943878174,-0.0017166399633783413,0.5494505494505475,-109.86140236271294,-0.0219780219780219,12.499809262226291,0
2.2003355026245117,-0.0017166399633783413,-0.3296703296703285,88.24247881539766,0.0219780219780219,12.499809262226291,0
2.210402011871338,-0.0017166399633783413,0.1098901098901095,-43.665627158592756,0.01318681318681314,12.499809262226291,0
2.220407485961914,-0.0017166399633783413,-0.1098901098901095,21.96599759198045,0.00439560439560438,12.499809262226291,0
2.2304272651672363,-0.0017166399633783413,-0.9890109890109855,87.73854803645854,0.03956043956043942,12.499809262226291,0
2.2403950691223145,-0.0017166399633783413,-1.2087912087912045,22.04901107312121,-0.03956043956043942,12.499809262226291,0
2.250460147857666,-0.0017166399633783413,0.5494505494505475,-174.6873327544157,0.03956043956043942,12.499809262226291,0
2.2604076862335205,-0.0017166399633783413,0.5494505494505475,-0.0,0.01318681318681314,12.499809262226291,0
2.270418405532837,-0.0017166399633783413,0.3296703296703285,21.95448830487405,0.03956043956043942,12.499809262226291,0
2.28035044670105,-0.0017166399633783413,0.1098901098901095,22.128404026718798,0.05714285714285694,12.499809262226291,0
2.2903401851654053,-0.0017166399633783413,0.1098901098901095,-0.0,-0.00439560439560438,12.499809262226291,0
2.300342321395874,-0.0017166399633783413,-0.5494505494505475,65.91998390625369,-0.03076923076923066,12.499809262226291,0
2.310640573501587,-0.0017166399633783413,-1.2087912087912045,64.02452111022723,0.0659340659340657,12.499809262226291,0
2.320744514465332,-0.0017166399633783413,0.1098901098901095,-130.51158190779182,-0.03076923076923066,12.499809262226291,0
2.3304696083068848,-0.0017166399633783413,-0.5494505494505475,67.79787116536295,0.0219780219780219,12.499809262226291,0
2.3405022621154785,-0.0017166399633783413,-1.2087912087912045,65.7194668449419,0.03076923076923066,12.499809262226291,0
2.3505566120147705,-0.0017166399633783413,-0.1098901098901095,-109.29608675927197,-0.00439560439560438,12.499809262226291,0
2.360659122467041,-0.0017166399633783413,-0.1098901098901095,-0.0,-0.0219780219780219,12.499809262226291,0
2.3704423904418945,-0.0017166399633783413,-0.9890109890109855,89.85963395672385,0.01318681318681314,12.499809262226291,0
2.380425214767456,-0.0017166399633783413,-0.5494505494505475,-44.0316713212033,-0.01318681318681314,12.499809262226291,0
2.390347480773926,-0.0017166399633783413,-0.9890109890109855,44.30040872456216,-0.01318681318681314,12.499809262226291,0
2.4003825187683105,-0.0017166399633783413,-0.1098901098901095,-87.60513708197212,0.00439560439560438,12.499809262226291,0
2.410320281982422,-0.0017166399633783413,-0.1098901098901095,-0.0,0.0219780219780219,12.499809262226291,0
2.420398235321045,-0.0017166399633783413,-0.5494505494505475,43.6160423442182,-0.01318681318681314,12.499809262226291,0
2.4304099082946777,-0.0017166399633783413,-0.1098901098901095,-43.90479400576546,-0.01318681318681314,12.499809262226291,0
2.440406322479248,-0.0017166399633783413,0.3296703296703285,-43.971811436035665,-0.01318681318681314,12.499809262226291,0
2.4504027366638184,-0.0017166399633783413,0.3296703296703285,-0.0,0.04835164835164818,12.499809262226291,0
2.460400342941284,-0.0017166399633783413,-1.2087912087912045,153.88298916403218,0.03076923076923066,12.499809262226291,0
2.4703516960144043,-0.0017166399633783413,0.7692307692307665,-198.76914862611622,0.01318681318681314,12.499809262226291,0
2.4804069995880127,-0.0017166399633783413,-0.5494505494505475,131.14286495958055,0.0219780219780219,12.499809262226291,0
2.490396499633789,-0.0017166399633783413,-0.9890109890109855,44.00224611303619,-0.01318681318681314,12.499809262226291,0
2.5003950595855713,-0.0017166399633783413,-0.3296703296703285,-65.94356212497686,0.0219780219780219,12.499809262226291,0
2.510396718978882,-0.0017166399633783413,0.1098901098901095,-43.94875112968065,0.00439560439560438,12.499809262226291,0
2.520357131958008,-0.0017166399633783413,-0.1098901098901095,22.065372213061053,0.00439560439560438,12.499809262226291,0
2.530317783355713,-0.0017166399633783413,-0.3296703296703285,22.064844055365302,-0.03076923076923066,12.499809262226291,0
2.5404052734375,-0.0017166399633783413,0.1098901098901095,-43.57480760789656,-0.01318681318681314,12.499809262226291,0
2.5504026412963867,-0.0017166399633783413,0.1098901098901095,-0.0,0.03956043956043942,12.499809262226291,0
2.560382127761841,-0.0017166399633783413,0.3296703296703285,-22.023199344077494,0.03956043956043942,12.499809262226291,0
2.5707895755767822,-0.0017166399633783413,0.3296703296703285,-0.0,0.01318681318681314,12.499809262226291,0
2.5804059505462646,-0.0017166399633783413,-1.4285714285714235,182.83831109139717,0.03956043956043942,12.499809262226291,0
2.5903539657592773,-0.005149919890135024,0.3296703296703285,-176.74297039090266,-0.12747252747252702,12.499809262226291,0
2.6004316806793213,-0.008583199816891707,-0.9890109890109855,130.85122263763776,-0.2857142857142847,12.499427786678874,0
2.6104302406311035,-0.015449759670405072,-0.9890109890109855,-0.0,-0.3560439560439548,12.499046311131456,0
2.620371103286743,-0.046349279011215216,-4.7252747252747085,375.84904506693556,-0.38241758241758106,12.498283360036622,0
2.6304266452789307,-0.09784847791256546,-6.4835164835164605,174.85300738714943,-0.3560439560439548,12.494850080109865,0
2.6404318809509277,-0.16308079652094243,-7.5824175824175555,109.83260514059951,-0.347252747252746,12.489127946898604,0
2.650423526763916,-0.2454795147631028,-8.241758241758212,65.98919454126074,-0.3296703296703285,12.481879911497673,0
2.6604223251342773,-0.3450446326390466,-11.318681318681342,307.72928535531,-0.2857142857142847,12.472724498359655,0
2.67036509513855,-0.45490959029526046,-10.879120879120904,-44.20905234371876,-0.2593406593406584,12.46166170748455,0
2.680417776107788,-0.5750743877317444,-12.857142857142875,196.76561745815067,-0.21538461538461462,12.449454489967193,0
2.690420389175415,-0.6986724650949849,-13.076923076923094,21.972280472542586,-0.18021978021977958,12.436102845807584,0
2.700404644012451,-0.8291371023117389,-12.857142857142875,-22.012681303461367,-0.1538461538461533,12.422369726100557,0
2.7104501724243164,-0.9664682993820062,-13.736263736263751,87.51365215218604,-0.11868131868131826,12.407873655298696,0
2.7203757762908936,-1.1003662165255168,-13.076923076923094,-66.42826655221242,-0.18021978021977958,12.392614633402,0
2.730372667312622,-1.2308308537422707,-13.296703296703313,21.984857022300304,-0.18901098901098834,12.37773708705272,0
2.740363359451294,-1.3612954909590247,-13.296703296703313,-0.0,-0.21538461538461462,12.363241016250859,0
2.7504172325134277,-1.488326848249022,-12.417582417582437,-87.44101638123283,-0.18021978021977958,12.348744945448997,0
2.7604377269744873,-1.6119249256122625,-11.75824175824178,-65.79921399117644,-0.23296703296703214,12.334630350194553,0
2.7707576751708984,-1.735523002975503,-11.538461538461561,-21.296639827770626,-0.20659340659340586,12.320897230487526,0
2.780803680419922,-1.855687800411987,-11.538461538461561,-0.0,-0.1978021978021971,12.3071641107805,0
2.790623664855957,-1.9724193179217142,-11.318681318681342,-22.38091325009837,-0.22417582417582338,12.29381246662089,0
2.800607204437256,-2.096017395284955,-11.978021978022,66.04277510711074,-0.17142857142857082,12.280842298008698,0
2.8106091022491455,-2.2161821927214387,-12.857142857142875,87.89540701723932,-0.14505494505494454,12.267109178301672,0
2.820596218109131,-2.3397802700846952,-11.538461538461561,-132.03825180048008,-0.11868131868131826,12.253757534142062,0
2.8306150436401367,-2.459945067521179,-13.95604395604397,241.30397421340174,-0.10109890109890074,12.240024414435034,0
2.8401851654052734,-2.580109864957663,-12.637362637362656,-137.79148803364,-0.10109890109890074,12.226672770275425,0
2.8501479625701904,-2.6968413824673902,-11.978021978022,-66.18027532091692,-0.11868131868131826,12.213321126115815,0
2.8600070476531982,-2.8101396200503608,-12.197802197802218,22.29215164792638,-0.0659340659340657,12.200350957503623,0
2.8699958324432373,-2.9200045777065746,-11.318681318681342,-88.01079386529041,-0.11868131868131826,12.187762264438849,0
2.880131721496582,-3.023002975509275,-11.098901098901123,-21.683368732977012,-0.11868131868131826,12.175555046921492,0
2.8899991512298584,-3.119134813458462,-10.000000000000028,-111.36649853154996,-0.12747252747252702,12.16411078049897,0
2.9000039100646973,-3.2118333714808927,-10.659340659340685,65.90270392572397,-0.12747252747252702,12.153429465171282,0
2.909991979598999,-3.2976653696498097,-8.021978021977993,-264.0512892211321,-0.18901098901098834,12.143129625391012,0
2.9201200008392334,-3.383497367818727,-8.68131868131865,65.1006394735206,-0.14505494505494454,12.133592736705577,0
2.929999351501465,-3.459029526207374,-7.8021978021977745,-88.98569442238112,-0.1538461538461533,12.124055848020141,0
2.9399828910827637,-3.534561684596021,-7.8021978021977745,-0.0,-0.17142857142857082,12.115663385976958,0
2.950253963470459,-3.606660563057911,-8.021978021977993,21.397981776811783,-0.17142857142857082,12.107270923933775,0
2.96012020111084,-3.6787594415198015,-8.461538461538431,44.551981776862,-0.17142857142857082,12.09925993743801,0
2.970019817352295,-3.7439917601281785,-6.7032967032966795,-177.60706226965016,-0.18021978021977958,12.091248950942244,0
2.9799866676330566,-3.8092240787365554,-6.0439560439560225,-66.15336247333163,-0.17142857142857082,12.084000915541314,0
2.9900190830230713,-3.8710231174181757,-6.0439560439560225,-0.0,-0.17142857142857082,12.076752880140383,0
2.999980926513672,-3.9293888761730393,-5.8241758241758035,-22.062203646101327,-0.18021978021977958,12.06988632028687,0
3.010150909423828,-3.987754634927903,-6.9230769230768985,108.05338697311652,-0.1538461538461533,12.063401235980773,0
3.0200178623199463,-4.039253833829253,-5.1648351648351465,-178.19500880899878,-0.13626373626373578,12.056916151674677,0
3.0299904346466064,-4.090753032730603,-6.4835164835164605,132.23081021493522,-0.10109890109890074,12.051194018463416,0
3.040149688720703,-4.13538567177844,-3.6263736263736135,-281.23549586458125,-0.11868131868131826,12.045471885252155,0
3.050117254257202,-4.169718471046007,-2.7472527472527375,-88.1981538924153,-0.16263736263736206,12.040512703135729,0
3.0600132942199707,-4.204051270313574,-3.4065934065933945,66.62671753764798,-0.11868131868131826,12.036697947661555,0
3.0701608657836914,-4.2418173495078975,-3.8461538461538325,43.3168110025399,-0.1098901098901095,12.03288319218738,0
3.079998016357422,-4.272716868848708,-2.7472527472527375,-111.70928925655014,-0.10109890109890074,12.02868696116579,0
3.0900049209594727,-4.300183108262761,-2.7472527472527375,-0.0,-0.07472527472527446,12.025253681239032,0
3.1000027656555176,-4.313916227969788,-0.7692307692307665,-197.84483937867756,-0.18901098901098834,12.022201876859693,0
3.1099817752838135,-4.310482948043031,-0.1098901098901095,-66.07275510297826,-0.22417582417582338,12.020675974670024,0
3.1199679374694824,-4.307049668116274,0.5494505494505475,-66.02543069918002,-0.17142857142857082,12.021057450217441,0
3.12996506690979,-4.307049668116274,0.3296703296703285,21.984332711956586,-0.1538461538461533,12.021438925764858,0
3.1399879455566406,-4.303616388189518,0.7692307692307665,-43.8557080304028,-0.13626373626373578,12.021438925764858,0
3.1499617099761963,-4.307049668116274,-0.7692307692307665,154.2508398779758,-0.10109890109890074,12.021820401312276,0
3.1600399017333984,-4.303616388189518,0.1098901098901095,-87.23002104942411,-0.05714285714285694,12.021438925764858,0
3.170036554336548,-4.303616388189518,-0.7692307692307665,87.94152543061382,-0.03956043956043942,12.021820401312276,0
3.1799957752227783,-4.303616388189518,1.2087912087912045,-198.61212042768994,0.0219780219780219,12.021820401312276,0
3.1899936199188232,-4.300183108262761,-0.5494505494505475,175.8620794477134,0.09230769230769198,12.021820401312276,0
3.1999635696411133,-4.300183108262761,-0.1098901098901095,-44.08853121673251,0.13626373626373578,12.022201876859693,0
3.209955930709839,-4.293316548409248,0.5494505494505475,-65.98447101799421,0.17142857142857082,12.022201876859693,0
3.219977855682373,-4.283016708628978,1.4285714285714235,-87.71976257357457,0.10109890109890074,12.022964827954528,0
3.2299816608428955,-4.262417029068438,2.9670329670329565,-153.78763518232944,0.16263736263736206,12.02410925459678,0
3.239975690841675,-4.2418173495078975,1.4285714285714235,153.93805488371012,0.21538461538461462,12.026398107881285,0
3.249953269958496,-4.217784390020601,1.2087912087912045,22.027409375255125,0.3032967032967022,12.02868696116579,0
3.2599759101867676,-4.193751430533304,2.9670329670329565,-175.4270050801754,0.29450549450549346,12.031357289997711,0
3.269954204559326,-4.159418631265737,3.4065934065933945,-44.05166084990211,0.3032967032967022,12.034027618829633,0
3.2799739837646484,-4.118219272144657,4.0659340659340515,-65.80391102734391,0.23296703296703214,12.037842374303807,0
3.290816307067871,-4.05298695353628,6.0439560439560225,-182.43525144044037,0.20659340659340586,12.042420080872816,0
3.2999866008758545,-3.998054474708173,5.8241758241758035,23.96654070002474,0.23296703296703214,12.049668116273747,0
3.3099758625030518,-3.9293888761730393,7.3626373626373365,-154.0115371763655,0.2593406593406584,12.055771725032425,0
3.3200106620788574,-3.8607232776379057,5.8241758241758035,153.31263238887504,0.2681318681318672,12.063401235980773,0
3.3299763202667236,-3.781757839322502,8.021978021977993,-220.5375858142663,0.27692307692307594,12.071030746929122,0
3.339970827102661,-3.6993591210803416,7.1428571428571175,87.96040600620722,0.21538461538461462,12.079804684519722,0
3.35011625289917,-3.6135271229114245,7.5824175824175555,-43.3259725492939,0.23296703296703214,12.08896009765774,0
3.3600523471832275,-3.5242618448157508,9.120879120879152,-154.83564210235465,0.22417582417582338,12.098496986343175,0
3.3700103759765625,-3.4315632867933203,9.340659340659371,-22.070655181005378,0.21538461538461462,12.108415350576028,0
3.3799796104431152,-3.3354314488441332,8.68131868131865,66.13754160892101,0.22417582417582338,12.118715190356298,0
3.3899757862091064,-3.2358663309681894,9.56043956043959,-87.94572041358731,0.20659340659340586,12.129396505683985,0
3.3999760150909424,-3.1294346532387323,10.659340659340685,-109.88759476266588,0.22417582417582338,12.14045929655909,0
3.4099676609039307,-3.0195696955825184,9.340659340659371,131.9783890825215,0.18021978021977958,12.15228503852903,0
3.4199633598327637,-2.906271457999548,12.417582417582437,-307.82470528874717,0.12747252747252702,12.164492256046387,0
3.429961681365967,-2.7895399404898207,11.318681318681342,109.90855767658475,0.17142857142857082,12.177080949111161,0
3.439962387084961,-2.66594186312658,12.417582417582437,-109.88235528358506,0.16263736263736206,12.190051117723353,0
3.449960947036743,-2.545777065690096,12.637362637362656,-21.98118737499229,0.16263736263736206,12.20378423743038,0
3.4599618911743164,-2.4221789883268556,12.197802197802218,43.95189429256212,0.1978021978021971,12.21713588158999,0
3.4699606895446777,-2.2951476310368584,12.637362637362656,-43.96132647932909,0.17142857142857082,12.230869001297016,0
3.47996187210083,-2.168116273746845,13.516483516483532,-87.90169304329662,0.12747252747252702,12.24498359655146,0
3.489957809448242,-2.041084916456848,12.417582417582437,109.93477256893713,0.1538461538461533,12.259098191805906,0
3.501772403717041,-1.8934538796063105,12.637362637362656,-18.60243481747289,0.16263736263736206,12.27321278706035,0
3.511617422103882,-1.76985580224307,13.296703296703313,-66.97200893214722,0.18901098901098834,12.289616235599299,0
3.5207080841064453,-1.659990844586856,11.978021978022,145.05888771460857,0.25054945054944966,12.303349355306326,0
3.5304110050201416,-1.5398260471503722,12.857142857142875,-90.60373540507179,0.2857142857142847,12.315556572823683,0
3.5431721210479736,-1.3818951705195648,12.637362637362656,17.222648810721388,0.22417582417582338,12.328908216983292,0
3.55104660987854,-1.282330052643621,12.637362637362656,-0.0,0.20659340659340586,12.346456092164493,0
3.5610620975494385,-1.151865415426867,12.197802197802218,43.88807155518242,0.21538461538461462,12.357518883039598,0
3.571047067642212,-1.0179674982833564,13.296703296703313,-110.05552231913225,0.2417582417582409,12.37201495384146,0
3.5810298919677734,-0.8737697413595757,14.17582417582419,-88.0633426424066,0.17142857142857082,12.386892500190738,0
3.591041326522827,-0.7261387045090384,14.395604395604408,-21.952919791027877,0.18901098901098834,12.40291447318227,0
3.6010539531707764,-0.5750743877317444,15.934065934065941,-153.65214269490812,0.11868131868131826,12.419317921721218,0
3.61116099357605,-0.427443350881207,13.95604395604397,195.7073385191891,0.09230769230769198,12.436102845807584,0
3.621192693710327,-0.27637903410391296,15.054945054945065,-109.5428575607296,0.1098901098901095,12.452506294346533,0
3.6312625408172607,-0.12188143739986224,15.054945054945065,-0.0,0.04835164835164818,12.469291218432899,0
3.6412181854248047,0.02574959945067512,13.736263736263751,132.45564407573127,0.08351648351648322,12.486457618066682,0
3.6517274379730225,0.18024719615472584,14.615384615384627,-83.65208420745041,0.08351648351648322,0.002861066605630569,0
3.660604476928711,0.3072785534447231,13.516483516483532,123.79140210902312,0.12747252747252702,0.020027466239413982,0
3.670288562774658,0.4480430304417471,13.516483516483532,-0.0,0.11868131868131826,0.03414206149385812,0
3.6800782680511475,0.5819409475852577,12.637362637362656,89.80054601154885,0.14505494505494454,0.0497825589379719,0
3.6900668144226074,0.719272144655525,12.417582417582437,22.00322365306246,0.1538461538461533,0.06466010528725086,0
3.7000439167022705,0.8531700617990357,12.857142857142875,-44.0569242691257,0.17142857142857082,0.07991912718394723,0
3.7102627754211426,0.990501258869303,13.296703296703313,-43.014631247290154,0.12747252747252702,0.09479667353322618,0
3.7200703620910645,1.120965896086057,13.296703296703313,-0.0,0.13626373626373578,0.11005569542992255,0
3.7300429344177246,1.2548638132295675,13.95604395604397,-66.11540510746761,0.13626373626373578,0.1245517662317841,0
3.740032911300659,1.3887617303730782,12.857142857142875,110.00036454321516,0.11868131868131826,0.13942931258106306,0
3.7500336170196533,1.5260929274433455,13.516483516483532,-65.92941317015102,0.1098901098901095,0.15430685893034202,0
3.760279417037964,1.659990844586856,12.857142857142875,64.35228661132673,0.10109890109890074,0.16956588082703838,0
3.770094871520996,1.7938887617303667,14.17582417582419,-134.3474539014868,0.10109890109890074,0.18444342717631734,0
3.780043125152588,1.9243533989471207,12.197802197802218,198.83107641531575,0.08351648351648322,0.1993209735255963,0
3.7900545597076416,2.051384756237118,12.197802197802218,-0.0,0.0659340659340657,0.21381704432745785,0
3.799955129623413,2.171549553673602,11.318681318681342,88.79497711747355,0.1098901098901095,0.227931639581902,0
3.8099863529205322,2.2917143511101017,11.098901098901123,21.909612942554826,0.0659340659340657,0.2412832837415113,0
3.819953680038452,2.408445868619829,12.197802197802218,-110.25032949158634,0.10109890109890074,0.2546349279011224,0
3.830018997192383,2.5183108262760427,11.538461538461561,65.50619809164922,0.12747252747252702,0.2676050965133143,0
3.8399579524993896,2.6213092240787432,10.439560439560466,110.5650508485921,0.13626373626373578,0.2798123140306714,0
3.849954128265381,2.7243076218814437,9.78021978021981,65.95929031018568,0.13626373626373578,0.2912565804531937,0
3.8599464893341064,2.8238727397573875,9.78021978021981,-0.0,0.1978021978021971,0.30270084687571597,0
3.8699424266815186,2.9234378576333313,9.56043956043959,21.986954513787428,0.1538461538461533,0.31376363775082083,0
3.8799400329589844,3.0161364156557617,8.461538461538431,109.91642083145796,0.14505494505494454,0.3248264286259257,0
3.8899405002593994,3.112268253604949,9.120879120879152,-65.93098497640776,0.1538461538461533,0.33512626840619575,0
3.8999457359313965,3.2015335317006226,10.219780219780247,-109.83260514059951,0.16263736263736206,0.3458075837338832,0
3.909940719604492,3.294232089723053,8.68131868131865,153.92336683878705,0.18021978021977958,0.35572594796673584,0
3.919938325881958,3.383497367818727,8.461538461538431,21.983284166290314,0.11868131868131826,0.3660257877470059,0
3.9299426078796387,3.469329365987644,8.241758241758212,21.96861502216467,0.17142857142857082,0.37594415197985853,0
3.9399378299713135,3.555161364156561,7.5824175824175555,65.9655836852123,0.13626373626373578,0.38548104066529376,0
3.9499378204345703,3.6341268024719646,7.8021978021977745,-21.978042937916975,0.11868131868131826,0.395017929350729,0
3.960010051727295,3.7096589608606116,6.9230769230768985,87.28164133362228,0.1538461538461533,0.4037918669413294,0
3.9699654579162598,3.7783245593957453,5.6043956043955845,132.4588162101329,0.12747252747252702,0.4121843289845124,0
3.9799649715423584,3.8504234378576356,6.7032967032966795,-109.8954549182246,0.1098901098901095,0.4198138399328606,0
3.9899630546569824,3.9087891966124992,6.0439560439560225,65.94670716192095,0.12747252747252702,0.4278248264286262,0
3.9999587535858154,3.963721675440606,5.3846153846153655,65.96243684758866,0.1098901098901095,0.43430991073472214,0
4.010183811187744,4.02208743419547,4.7252747252747085,64.48283080735783,0.14505494505494454,0.4404135194934007,0
4.019972562789917,4.066720073243307,3.8461538461538325,89.80929487737065,0.16263736263736206,0.44689860379949664,0
4.029962539672852,4.1113527122911435,5.1648351648351465,-132.00043745185818,0.10109890109890074,0.45185778591592296,0
4.039982795715332,4.152552071412224,3.4065934065933945,175.46874558771327,0.12747252747252702,0.4568169680323493,0
4.049958944320679,4.183451590753034,3.6263736263736135,-22.030567955095275,0.18021978021977958,0.4613946746013582,0
4.059960126876831,4.210917830167087,2.9670329670329565,65.92626978247246,0.17142857142857082,0.4648279545281149,0
4.069955110549927,4.228084229800871,2.3076923076922995,65.96715721662027,0.1978021978021971,0.46787975890745415,0
4.079950332641602,4.2418173495078975,1.4285714285714235,87.95411158028305,0.22417582417582338,0.4697871366445412,0
4.089951753616333,4.258983749141681,2.0879120879120805,-65.92469820103352,0.12747252747252702,0.47131303883421083,0
4.099949359893799,4.283016708628978,2.3076923076922995,-21.983284166290314,0.13626373626373578,0.4732204165712979,0
4.109947443008423,4.296749828336004,-0.7692307692307665,307.7513000889644,0.1098901098901095,0.47589074540321974,0
4.119946479797363,4.303616388189518,0.5494505494505475,-131.88083477599156,0.20659340659340586,0.4774166475928894,0
4.129949331283569,4.310482948043031,-0.5494505494505475,109.85878380944484,0.12747252747252702,0.4781795986877242,0
4.13994836807251,4.310482948043031,-0.1098901098901095,-43.96027825866385,0.12747252747252702,0.478942549782559,0
4.1499457359313965,4.310482948043031,-0.1098901098901095,-0.0,0.12747252747252702,0.478942549782559,0
4.160019397735596,4.310482948043031,-0.5494505494505475,43.634623447176544,0.0659340659340657,0.478942549782559,0
4.169956922531128,4.310482948043031,-0.5494505494505475,-0.0,0.00439560439560438,0.478942549782559,0
4.179948329925537,4.310482948043031,0.3296703296703285,-87.9876922657362,-0.03956043956043942,0.478942549782559,0
4.18994927406311,4.310482948043031,-0.1098901098901095,43.95189429256212,-0.04835164835164818,0.478942549782559,0
4.199944019317627,4.310482948043031,-0.1098901098901095,-0.0,-0.1538461538461533,0.478942549782559,0
4.209941625595093,4.310482948043031,0.5494505494505475,-65.94985249887094,-0.23296703296703214,0.478942549782559,0
4.219942092895508,4.307049668116274,-0.3296703296703285,87.90797996853514,-0.2593406593406584,0.478942549782559,0
4.2299394607543945,4.307049668116274,0.3296703296703285,-65.95142527986157,-0.32087912087911974,0.4785610742351416,0
4.239938497543335,4.303616388189518,-0.1098901098901095,43.96027825866385,-0.36483516483516354,0.4785610742351416,0
4.249937534332275,4.300183108262761,-0.9890109890109855,87.9205565173277,-0.42637362637362486,0.4781795986877242,0
4.259936094284058,4.279583428702221,-2.9670329670329565,197.83068637493062,-0.3736263736263723,0.4777981231403068,0
4.281787633895874,4.279583428702221,-2.9670329670329565,197.83068637493062,-0.3736263736263723,0.47550926985580233,0
4.28231143951416,4.207484550240331,-3.8461538461538325,-419.58354799501666,-0.347252747252746,0.47550926985580233,0
4.290426254272461,4.162851911192494,-5.3846153846153655,189.58677237675877,-0.36483516483516354,0.46749828336003674,0
4.300455331802368,4.097619592584117,-8.461538461538431,306.80020846857775,-0.2681318681318672,0.4625391012436104,0
4.310385704040527,4.02208743419547,-8.021978021977993,-44.26424599385617,-0.25054945054944966,0.45529106584267964,0
4.320430040359497,3.932822156099796,-7.8021978021977745,-21.881009635762815,-0.2593406593406584,0.44689860379949664,0
4.33040452003479,3.8401235980773656,-9.78021978021981,198.308286989811,-0.1978021978021971,0.436980239566644,0
4.340556383132935,3.740558480201422,-9.340659340659371,-43.29849952771497,-0.18021978021977958,0.42668039978637395,0
4.350732803344727,3.6375600823987213,-10.219780219780247,86.38802848394458,-0.17142857142857082,0.4156176089112691,0
4.360952377319336,3.5379949645227775,-10.439560439560466,21.505810352394825,-0.20659340659340586,0.4041733424887468,0
4.371112585067749,3.4315632867933203,-11.538461538461561,108.15734541183289,-0.16263736263736206,0.39311055161364195,0
4.380599498748779,3.3319981689173765,-10.659340659340685,-92.66668894423881,-0.1538461538461533,0.38128480964370226,0
4.39050817489624,3.2255664911879194,-11.538461538461561,88.72233445091932,-0.13626373626373578,0.3702220187685974,0
4.400478363037109,3.119134813458462,-10.439560439560466,-110.21869230296184,-0.21538461538461462,0.3583962767986577,0
4.4105775356292725,3.012703135729005,-10.000000000000028,-43.52440118723538,-0.20659340659340586,0.346570534828718,0
4.420499086380005,2.906271457999548,-11.538461538461561,155.0626083677455,-0.21538461538461462,0.33474479285877834,0
4.430659055709839,2.796406500343334,-11.098901098901123,-43.26395339301881,-0.20659340659340586,0.32291905088883865,0
4.440793991088867,2.68654154268712,-11.978021978022,86.74163635418869,-0.23296703296703214,0.31071183337148156,0
4.450778245925903,2.569810025177393,-11.318681318681342,-66.0380439103841,-0.22417582417582338,0.29850461585412447,0
4.460361480712891,2.4530785076676658,-12.417582417582437,114.66911990857714,-0.1978021978021971,0.28553444724193255,0
4.470318555831909,2.332913710231182,-12.197802197802218,-22.072769076576197,-0.1538461538461533,0.27256427862974064,0
4.480306625366211,2.2058823529411686,-12.637362637362656,44.00854820352095,-0.1538461538461533,0.2592126344701313,0
4.490321397781372,2.0754177157244147,-13.076923076923094,43.8912060442829,-0.1978021978021971,0.2450980392156854,0
4.500349521636963,1.941519798580904,-13.736263736263751,65.74915396293846,-0.1538461538461533,0.23060196841382385,0
4.510310173034668,1.80075532158388,-15.054945054945065,132.38906433219182,-0.14505494505494454,0.2157244220645449,0
4.520303249359131,1.6565575646600994,-14.835164835164846,-21.99324939030042,-0.09230769230769198,0.20008392462043112,0
4.5302934646606445,1.5123598077363187,-15.274725274725284,43.999095744597,-0.08351648351648322,0.18406195162889993,0
4.540292739868164,1.3647287708857814,-15.494505494505503,21.97961504399265,-0.08351648351648322,0.16803997863736875,0
4.550329923629761,1.2239642938887574,-13.736263736263751,-175.1728173961475,-0.1098901098901095,0.15163653009842015,0
4.560603141784668,1.0797665369649767,-14.395604395604408,64.180537140225,-0.09230769230769198,0.13599603265430638,0
4.570964813232422,0.9390020599679527,-13.95604395604397,-42.421769670734086,-0.13626373626373578,0.11997405966277519,0
4.580551624298096,0.8085374227511988,-13.95604395604397,-0.0,-0.14505494505494454,0.10433356221866141,0
4.590559005737305,0.6746395056076882,-13.736263736263751,-21.961811000739782,-0.18901098901098834,0.08983749141679986,0
4.6004722118377686,0.5407415884641775,-13.516483516483532,-22.17044794114942,-0.17142857142857082,0.0749599450675209,0
4.610476732254028,0.4068436713206669,-13.076923076923094,-43.93618297245372,-0.16263736263736206,0.06008239871824195,0
4.620514869689941,0.2729457541771563,-12.637362637362656,-43.78904377099264,-0.20659340659340586,0.04520485236896299,0
4.630484342575073,0.13904783703364565,-14.395604395604408,176.3625598364322,-0.13626373626373578,0.03032730601968403,0
4.6405417919158936,0.0017166399633783413,-14.17582417582419,-21.852480915632743,-0.20659340659340586,0.015449759670405072,0
4.65048360824585,-0.13561455710688897,-14.17582417582419,-0.0,-0.1098901098901095,0.0001907377737087046,0
4.66055154800415,-0.2729457541771563,-13.516483516483532,-65.48913433823897,-0.1978021978021971,12.484931715877012,0
4.670464038848877,-0.41371023117418027,-13.296703296703313,-22.172047694464396,-0.14505494505494454,12.469672693980316,0
4.680541276931763,-0.5544747081712043,-13.95604395604397,65.42870714351989,-0.10109890109890074,12.454032196536202,0
4.690639495849609,-0.6952391851682282,-14.615384615384627,65.29276743796848,-0.10109890109890074,12.438391699092088,0
4.700797080993652,-0.8394369420920089,-13.95604395604397,-64.91116244566602,-0.14505494505494454,12.422751201647975,0
4.710576295852661,-0.9767681391622762,-14.615384615384627,67.42265804020663,-0.14505494505494454,12.406729228656443,0
4.7204766273498535,-1.1140993362325435,-14.17582417582419,-44.398557733656915,-0.11868131868131826,12.391470206759747,0
4.730475902557373,-1.2479972533760542,-13.076923076923094,-109.89807521996325,-0.14505494505494454,12.37621118486305,0
4.7405219078063965,-1.3750286106660514,-13.736263736263751,65.63212371452333,-0.17142857142857082,12.361333638513772,0
4.750522136688232,-1.498626688029292,-13.296703296703313,-43.95503790506636,-0.22417582417582338,12.347219043259328,0
4.760592937469482,-1.6222247653925326,-12.197802197802218,-109.11754911754872,-0.17142857142857082,12.333485923552301,0
4.770490884780884,-1.7423895628290165,-12.637362637362656,44.40925231579196,-0.23296703296703214,12.319752803845274,0
4.780467748641968,-1.8625543602655004,-12.417582417582437,-22.02898855195363,-0.20659340659340586,12.306401159685665,0
4.790523052215576,-1.9792858777752276,-11.318681318681342,-109.28572079965048,-0.18901098901098834,12.293049515526056,0
4.800518989562988,-2.0994506752117115,-11.098901098901123,-21.986954513787428,-0.1978021978021971,12.280079346913864,0
4.810460567474365,-2.2196154726481954,-11.318681318681342,22.107176721786455,-0.16263736263736206,12.266727702754254,0
4.8204545974731445,-2.3397802700846952,-12.637362637362656,131.94690418603727,-0.1538461538461533,12.253376058594645,0
4.8306005001068115,-2.463378347447936,-13.296703296703313,64.98590447268604,-0.12747252747252702,12.240024414435034,0
4.840474843978882,-2.580109864957663,-13.076923076923094,-22.257703663923404,-0.13626373626373578,12.226291294728007,0
4.850472450256348,-2.6968413824673902,-11.318681318681342,-175.8662733303225,-0.14505494505494454,12.213321126115815,0
4.860465049743652,-2.8101396200503608,-11.098901098901123,-21.99429888683555,-0.09230769230769198,12.200350957503623,0
4.870457172393799,-2.916571297779818,-12.197802197802218,109.9767424176869,-0.11868131868131826,12.187762264438849,0
4.880516052246094,-3.0195696955825184,-9.56043956043959,-262.1924782967675,-0.11868131868131826,12.17593652246891,0
4.890455484390259,-3.119134813458462,-10.439560439560466,88.44779725539607,-0.12747252747252702,12.164492256046387,0
4.90045952796936,-3.208400091554136,-9.120879120879152,-131.81483149833915,-0.1538461538461533,12.153429465171282,0
4.910459995269775,-3.2976653696498097,-8.241758241758212,-87.90797996854154,-0.1978021978021971,12.14351110093843,0
4.920456647872925,-3.38006408789197,-8.461538461538431,21.985381357653456,-0.1978021978021971,12.133592736705577,0
4.9304492473602295,-3.459029526207374,-8.021978021977993,-43.9885977736711,-0.16263736263736206,12.124437323567559,0
4.940455675125122,-3.534561684596021,-7.3626373626373365,-65.89171229056839,-0.1978021978021971,12.115663385976958,0
4.950451612472534,-3.606660563057911,-7.8021978021977745,43.973909027574855,-0.1978021978021971,12.107270923933775,0
4.960558891296387,-3.675326161593045,-8.021978021977993,21.74474689087943,-0.18021978021977958,12.09925993743801,0
4.970475196838379,-3.7439917601281785,-6.4835164835164605,-155.1446284048702,-0.18901098901098834,12.091630426489662,0
4.9804604053497314,-3.8092240787365554,-5.8241758241758035,-66.03173670244634,-0.13626373626373578,12.084000915541314,0
4.9904561042785645,-3.8710231174181757,-6.9230769230768985,109.93739474598111,-0.13626373626373578,12.076752880140383,0
5.000456094741821,-3.9293888761730393,-5.1648351648351465,-175.8243435033358,-0.12747252747252702,12.06988632028687,0
5.010459899902344,-3.987754634927903,-5.1648351648351465,-0.0,-0.12747252747252702,12.063401235980773,0
5.020443439483643,-4.039253833829253,-5.8241758241758035,66.04277510711074,-0.13626373626373578,12.056916151674677,0
5.030448913574219,-4.090753032730603,-5.3846153846153655,-43.9319951839609,-0.09230769230769198,12.051194018463416,0
5.0405144691467285,-4.13538567177844,-4.5054945054944895,-87.33952863186808,-0.16263736263736206,12.045471885252155,0
5.050455093383789,-4.169718471046007,-3.8461538461538325,-66.32789285832865,-0.1538461538461533,12.040512703135729,0
5.060447931289673,-4.204051270313574,-4.0659340659340515,21.993774126048045,-0.13626373626373578,12.036697947661555,0
5.0709898471832275,-4.238384069581141,-3.6263736263736135,-41.696447211192854,-0.0659340659340657,12.03288319218738,0
5.080633640289307,-4.272716868848708,-3.6263736263736135,-0.0,-0.08351648351648322,12.029068436713207,0
5.09051775932312,-4.296749828336004,-1.6483516483516425,-200.12122185651313,-0.12747252747252702,12.025253681239032,0
5.100491523742676,-4.313916227969788,-0.3296703296703285,-132.21500560969355,-0.14505494505494454,12.02258335240711,0
5.110549449920654,-4.310482948043031,0.5494505494505475,-87.40577963732534,-0.20659340659340586,12.020675974670024,0
5.1205432415008545,-4.303616388189518,0.1098901098901095,43.983350666557804,-0.17142857142857082,12.021057450217441,0
5.13083815574646,-4.307049668116274,-0.5494505494505475,64.04527940794708,-0.14505494505494454,12.021820401312276,0
5.140536546707153,-4.307049668116274,0.3296703296703285,-90.64605486455102,-0.08351648351648322,12.021438925764858,0
5.15066385269165,-4.307049668116274,-0.7692307692307665,108.50872883502268,-0.07472527472527446,12.021438925764858,0
5.160544395446777,-4.303616388189518,-0.7692307692307665,-0.0,-0.03076923076923066,12.021438925764858,0
5.1705286502838135,-4.303616388189518,-0.3296703296703285,-44.025362606922734,0.03076923076923066,12.021820401312276,0
5.180439710617065,-4.303616388189518,0.7692307692307665,-110.87623946897423,0.05714285714285694,12.021820401312276,0
5.190416097640991,-4.300183108262761,0.3296703296703285,44.06008292443608,0.09230769230769198,12.021820401312276,0
5.210383415222168,-4.300183108262761,-0.9890109890109855,132.0760878207682,0.1538461538461533,12.022201876859693,0
5.210383415222168,-4.293316548409248,0.7692307692307665,-176.12247897307063,0.14505494505494454,12.022201876859693,0
5.220746040344238,-4.283016708628978,1.8681318681318615,-106.0446639684626,0.18901098901098834,12.022964827954528,0
5.23044228553772,-4.262417029068438,1.6483516483516425,22.666528681429387,0.18901098901098834,12.02410925459678,0
5.2404279708862305,-4.238384069581141,2.3076923076922995,-66.02858355025081,0.22417582417582338,12.026398107881285,0
5.250545501708984,-4.217784390020601,2.0879120879120805,21.722713143205098,0.2681318681318672,12.029068436713207,0
5.260582447052002,-4.193751430533304,3.1868131868131755,-109.48561154271601,0.27692307692307594,12.031357289997711,0
5.270534992218018,-4.159418631265737,2.0879120879120805,110.41407806451845,0.32087912087911974,12.034027618829633,0
5.280495643615723,-4.1147859922179,5.1648351648351465,-308.9078167751142,0.2593406593406584,12.037842374303807,0
5.290482044219971,-4.056420233463037,5.6043956043955845,-44.0159029243686,0.22417582417582338,12.042801556420233,0
5.30047607421875,-3.998054474708173,6.9230769230768985,-131.94690418603727,0.22417582417582338,12.04928664072633,0
5.310482740402222,-3.9293888761730393,7.3626373626373365,-43.926761570848996,0.2417582417582409,12.055771725032425,0
5.320476293563843,-3.857289997711149,8.241758241758212,-87.96879997567055,0.1978021978021971,12.063401235980773,0
5.330468654632568,-3.781757839322502,8.241758241758212,-0.0,0.22417582417582338,12.071412222476539,0
5.340659856796265,-3.6993591210803416,8.461538461538431,-21.56568148192892,0.22417582417582338,12.079804684519722,0
5.351038694381714,-3.610093842984668,9.56043956043959,-105.8790148563247,0.22417582417582338,12.08896009765774,0
5.361018180847168,-3.5242618448157508,8.68131868131865,88.09279737631638,0.2593406593406584,12.098878461890592,0
5.371294260025024,-3.424696726939807,8.90109890109887,-21.387556087910994,0.25054945054944966,12.108415350576028,0
5.381236553192139,-3.32856488899062,9.78021978021981,-88.42234526223532,0.2417582417582409,12.119478141451133,0
5.391047716140747,-3.2324330510414327,11.318681318681342,-156.80725582890722,0.2593406593406584,12.13015945677882,0
5.400832176208496,-3.1294346532387323,11.098901098901123,22.462171469700813,0.20659340659340586,12.140840772106507,0
5.410870552062988,-3.0195696955825184,10.000000000000028,109.47000937500614,0.22417582417582338,12.15228503852903,0
5.420952081680298,-2.906271457999548,11.75824175824178,-174.40228070380545,0.16263736263736206,12.164492256046387,0
5.431013584136963,-2.786106660563064,12.417582417582437,-65.53103397633124,0.18901098901098834,12.177080949111161,0
5.441280841827393,-2.669375143053337,12.197802197802218,21.40593198367666,0.18021978021977958,12.19043259327077,0
5.451134443283081,-2.545777065690096,11.538461538461561,66.91367235682341,0.1538461538461533,12.203402761882963,0
5.4604387283325195,-2.4256122682536123,12.197802197802218,-70.864193845872,0.1978021978021971,12.21713588158999,0
5.4703357219696045,-2.3020141908903717,13.296703296703313,-111.03382897846977,0.18901098901098834,12.230487525749599,0
5.480136156082153,-2.1749828336003585,13.296703296703313,-0.0,0.11868131868131826,12.244220645456625,0
5.490068435668945,-2.0479514763103612,12.857142857142875,44.25574569457028,0.17142857142857082,12.258335240711071,0
5.500064373016357,-1.920920119020364,13.516483516483532,-65.96086354136229,0.1538461538461533,12.272449835965515,0
5.5100929737091064,-1.7938887617303667,11.75824175824178,175.3227406404777,0.20659340659340586,12.28656443121996,0
5.520082473754883,-1.6668574044403695,10.879120879120904,88.00449222607239,0.22417582417582338,12.300679026474404,0
5.530059576034546,-1.5432593270771289,12.417582417582437,-154.19923494193995,0.25054945054944966,12.314793621728848,0
5.5400614738464355,-1.412794689860375,12.857142857142875,-43.94770350861966,0.2593406593406584,12.328526741435875,0
5.550051212310791,-1.2857633325703777,12.857142857142875,-0.0,0.21538461538461462,12.343022812237736,0
5.560182332992554,-1.1484321355001104,12.857142857142875,-0.0,0.22417582417582338,12.35713740749218,0
5.570083379745483,-1.011100938429843,14.615384615384627,-177.58140145348713,0.18021978021977958,12.372396429388877,0
5.580082416534424,-0.8703364614328191,14.835164835164846,-21.980139129331924,0.1978021978021971,12.387655451285573,0
5.590061187744141,-0.719272144655525,15.054945054945065,-22.024777917165665,0.2417582417582409,12.403295948729687,0
5.600085020065308,-0.5510414282444476,18.13186813186813,-306.9607489767791,0.2681318681318672,12.420080872816053,0
5.610006809234619,-0.3656443121995867,19.010989010989007,-88.60507556842981,0.2681318681318672,12.438773174639506,0
5.619971990585327,-0.16308079652094243,20.76923076923076,-176.43851088739416,0.29450549450549346,12.459372854200046,0
5.6300201416015625,0.056649118791485265,22.52747252747251,-174.9816215342369,0.21538461538461462,12.481879911497673,0
5.639974117279053,0.29354543373769637,23.846153846153825,-132.4778522076721,0.20659340659340586,0.006294346532387252,0
5.649967670440674,0.5407415884641775,24.285714285714263,-43.984399987835275,0.20659340659340586,0.032616159304188486,0
5.65996527671814,0.7982375829709287,26.483516483516453,-219.83284166290312,0.18021978021977958,0.06008239871824195,0
5.669963598251343,1.0626001373311933,25.824175824175796,65.94513460595086,0.18901098901098834,0.08869306477454764,0
5.67996072769165,1.3338292515449712,28.24175824175827,-241.82765983152885,0.16263736263736206,0.11806668192568814,0
5.689960479736328,1.6050583657587492,27.142857142857174,109.8928347414348,0.13626373626373578,0.14820325017166347,0
5.699958801269531,1.8865873197527971,28.24175824175827,-109.90855767658475,0.08351648351648322,0.1783398184176388,0
5.709959030151367,2.168116273746845,27.362637362637393,87.91007581013272,0.1098901098901095,0.20962081330586635,0
5.7199578285217285,2.4530785076676658,28.681318681318707,-131.88397943798728,0.03956043956043942,0.2409018081940939,0
5.729958772659302,2.731174181734957,28.24175824175827,43.95189429256212,0.09230769230769198,0.27256427862974064,0
5.739957571029663,3.012703135729005,28.681318681318707,-43.96132647932909,0.12747252747252702,0.3034637979705508,0
5.749955654144287,3.2907988097962964,26.92307692307689,175.8578857651289,0.08351648351648322,0.33474479285877834,0
5.760066032409668,3.575761043717101,28.24175824175827,-130.42848487644622,0.03956043956043942,0.3656443121995885,0
5.770032644271851,3.8538567177843923,27.582417582417612,66.15494497608198,0.04835164835164818,0.39730678263523345,0
5.780043601989746,4.128519111924927,27.582417582417612,-0.0,0.08351648351648322,0.4282063019760436,0
5.790032386779785,4.399748226138705,26.483516483516453,110.0134923316194,0.11868131868131826,0.4587243457694363,0
5.799986362457275,4.667544060425726,25.824175824175796,66.23892610383605,0.11868131868131826,0.48886091401541165,0
5.809985160827637,4.928473334859234,25.824175824175796,-0.0,0.18021978021977958,0.5186160067139696,0
5.819979906082153,5.189402609292742,26.92307692307689,-109.94788470516586,0.13626373626373578,0.5476081483176927,0
5.830018520355225,5.4537651636530065,25.16483516483514,175.1478551136543,0.12747252747252702,0.5766002899214158,0
5.840121507644653,5.724994277866784,26.703296703296672,-152.2778851826634,0.0659340659340657,0.6059739070725563,0
5.84999680519104,5.996223392080562,26.703296703296672,-0.0,0.05714285714285694,0.6361104753185316,0
5.859985828399658,6.270885786221097,28.02197802197805,-132.0130398279251,0.0219780219780219,0.6662470435645069,0
5.869978666305542,6.542114900434875,28.681318681318707,-65.98132237814413,0.0219780219780219,0.6967650873578997,0
5.879985332489014,6.809910734721912,26.703296703296672,197.67042706882688,0.05714285714285694,0.726901655603875,0
5.889980792999268,7.074273289082177,26.043956043956015,65.96401022887022,0.03076923076923066,0.7566567483024347,0
5.899975061416626,7.335202563515685,25.38461538461536,65.97187826129333,0.05714285714285694,0.7860303654535752,0
5.910158634185791,7.592698558022436,25.604395604395577,-21.581838197856662,0.04835164835164818,0.8150225070572983,0
5.919990301132202,7.843327992675674,24.94505494505492,67.06295717038473,0.07472527472527446,0.843633173113604,0
5.92997932434082,8.100823987182425,25.38461538461536,-44.00434660930624,0.09230769230769198,0.8714808880750748,0
5.939986944198608,8.351453421835663,24.505494505494482,87.84515115616931,0.04835164835164818,0.9000915541313805,0
5.949985980987549,8.6020828564889,24.065934065934044,43.96027825866385,0.10109890109890074,0.9279392690928514,0
5.96009087562561,8.849279011215382,24.285714285714263,-21.7498774259739,0.07472527472527446,0.9557869840543223,0
5.96998929977417,9.08960860608835,24.505494505494482,-22.20355649360627,0.10109890109890074,0.9832532234683757,0
5.979971408843994,9.32650492103456,23.406593406593387,110.08706589102079,0.07472527472527446,1.0099565117875944,0
5.989979028701782,9.559967956054015,23.406593406593387,-0.0,0.08351648351648322,1.0362783245593956,0
5.999973297119141,9.79343099107347,22.96703296703295,43.981252174195546,0.11868131868131826,1.0622186617837794,0
6.00996732711792,10.026894026092924,23.626373626373606,-65.97345209301864,0.09230769230769198,1.0881589990081633,0
6.019965171813965,10.256923781185622,22.087912087912073,153.8793195167492,0.07472527472527446,1.114099336232547,0
6.029965877532959,10.48695353627832,22.087912087912073,-0.0,0.09230769230769198,1.1396581979095135,0
6.039963960647583,10.706683451590747,22.307692307692292,-21.982235720640315,0.13626373626373578,1.16521705958648,0
6.0499632358551025,10.922980086976418,20.109890109890102,219.7961504399265,0.14505494505494454,1.189631494621194,0
6.060014486312866,11.135843442435332,20.76923076923076,-65.59787382786553,0.17142857142857082,1.2136644541084909,0
6.069971323013306,11.34184023804075,19.450549450549445,132.439785682446,0.14505494505494454,1.2373159380483703,0
6.079965114593506,11.551270313572907,20.54945054945054,-109.9583766663945,0.14505494505494454,1.2602044708934166,0
6.089957237243652,11.764133669031821,22.087912087912073,-153.9674393847617,0.12747252747252702,1.2834744792858785,0
6.0999674797058105,11.976997024490736,21.428571428571416,65.86660231589471,0.16263736263736206,1.307125963225758,0
6.109957695007324,12.18986037994965,20.32967032967032,109.99773936149248,0.08351648351648322,1.3307774471656373,0
6.1199564933776855,12.399290455481808,19.890109890109883,43.96132647932909,0.0659340659340657,1.3544289311055167,0
6.129958391189575,12.608720531013965,20.54945054945054,-65.92155526292949,0.04835164835164818,1.3776989394979786,0
6.1399595737457275,12.814717326619366,19.450549450549445,109.87711630412079,0.03076923076923066,1.4009689478904406,0
6.149956226348877,13.013847562371254,20.109890109890102,-65.95614407296036,0.0659340659340657,1.4238574807354851,0
6.161269187927246,13.219844357976655,19.670329670329664,38.85458608830565,0.04835164835164818,1.4459830624856949,0
6.170461416244507,13.394941634241246,18.57142857142857,119.54675851965396,0.0659340659340657,1.4688715953307394,0
6.180394887924194,13.573472190432593,17.912087912087912,66.37565199777158,0.10109890109890074,1.4883268482490273,0
6.1904823780059814,13.75200274662394,17.692307692307693,21.78740380394828,0.10109890109890074,1.5081635767147326,0
6.200451850891113,13.927100022888531,17.252747252747255,44.09063995910805,0.10109890109890074,1.5280003051804378,0
6.210434198379517,14.102197299153122,18.13186813186813,-88.06754925554006,0.09230769230769198,1.5474555580987257,0
6.220419883728027,14.273861295490956,16.5934065934066,154.06669495058526,0.10109890109890074,1.5669108110170136,0
6.2303786277771,14.442092011902034,17.252747252747255,-66.20721007505757,0.08351648351648322,1.585984588387884,0
6.240403652191162,14.606889448386355,16.37362637362638,87.69264221318984,0.09230769230769198,1.604676890211337,0
6.250438213348389,14.764820325017162,15.494505494505503,87.60930003279336,0.11868131868131826,1.6229877164873727,0
6.260463237762451,14.919317921721213,16.15384615384616,-65.76948165989238,0.10109890109890074,1.6405355916685735,0
6.270397901535034,15.06694895857175,15.274725274725284,88.490249820735,0.14505494505494454,1.657701991302357,0
6.280451059341431,15.214579995422287,14.17582417582419,109.30904697446422,0.09230769230769198,1.6741054398413056,0
6.290401458740234,15.348477912565798,13.076923076923094,110.4378884563378,0.14505494505494454,1.6905088883802541,0
6.3003621101379395,15.485809109636065,12.637362637362656,44.129688110730605,0.12747252747252702,1.705386434729533,0
6.310482501983643,15.619707026779576,13.076923076923094,-43.43314431516451,0.16263736263736206,1.7206454566262295,0
6.320400714874268,15.746738384069573,12.637362637362656,44.31851225697364,0.14505494505494454,1.7355230029755084,0
6.3304972648620605,15.873769741359586,12.637362637362656,-0.0,0.13626373626373578,1.7496375982299526,0
6.3404014110565186,16.000801098649582,11.978021978022,66.57218566801846,0.11868131868131826,1.7637521934843985,0
6.352269887924194,16.144998855573363,11.318681318681342,55.553940635499295,0.11868131868131826,1.7778667887388426,0
6.360824346542358,16.24456397344931,11.978021978022,-77.07567349038894,0.13626373626373578,1.7938887617303738,0
6.370623350143433,16.357862211032277,11.538461538461561,44.857666907301784,0.13626373626373578,1.8049515526054787,0
6.380627632141113,16.47116044861525,10.439560439560466,109.84307511082334,0.13626373626373578,1.8175402456702532,0
6.390608549118042,16.577592126344705,11.538461538461561,-110.10021438323241,0.14505494505494454,1.8301289387350277,0
6.400390863418579,16.677157244220652,11.538461538461561,-0.0,0.1538461538461533,1.8419546807049674,0
6.410378694534302,16.77328908216984,10.439560439560466,110.02399681861115,0.12747252747252702,1.8530174715800722,0
6.420374393463135,16.865987640192266,9.56043956043959,87.9499157967849,0.14505494505494454,1.8636987869077597,0
6.430433511734009,16.951819638361187,8.021978021977993,152.94198726305683,0.14505494505494454,1.8739986266880297,0
6.44036340713501,17.030785076676587,7.3626373626373365,66.39955736836791,0.16263736263736206,1.883535515373465,0
6.450354099273682,17.10288395513848,6.4835164835164605,87.99399149914582,0.18901098901098834,1.8923094529640654,0
6.460388898849487,17.174982833600367,6.2637362637362415,21.90180462698215,0.18021978021977958,1.900320439459831,0
6.470494508743286,17.240215152208748,6.4835164835164605,-21.748338011254937,0.18021978021977958,1.9083314259555966,0
6.480642795562744,17.302014190890368,6.0439560439560225,43.31375801456839,0.1978021978021971,1.9155794613565273,0
6.490880966186523,17.356946669718475,5.8241758241758035,21.466747122748163,0.20659340659340586,1.9224460212100407,0
6.500843524932861,17.411879148546582,5.8241758241758035,-0.0,0.18021978021977958,1.9285496299687193,0
6.510619163513184,17.46337834744793,5.6043956043955845,22.48244122103926,0.12747252747252702,1.9346532387273978,0
6.520430088043213,17.50801098649577,4.0659340659340515,156.8110664548083,0.21538461538461462,1.940375371938659,0
6.5303874015808105,17.552643625543602,4.0659340659340515,-0.0,0.16263736263736206,1.9453345540550853,0
6.5404863357543945,17.597276264591443,5.1648351648351465,-108.81357180993574,0.1978021978021971,1.9502937361715116,0
6.550446510314941,17.635042343785763,2.7472527472527375,242.72490435646228,0.16263736263736206,1.955252918287938,0
6.560826063156128,17.665941863126577,2.9670329670329565,-21.174343745148768,0.18901098901098834,1.9594491493095294,0
6.5703206062316895,17.696841382467383,3.4065934065933945,-46.296113047487715,0.1538461538461533,1.962882429236286,0
6.58032488822937,17.727740901808197,3.4065934065933945,-0.0,0.1098901098901095,1.9663157091630428,0
6.59028697013855,17.75520714122225,3.4065934065933945,-0.0,0.1098901098901095,1.9697489890897995,0
6.600265741348267,17.77580682078279,0.7692307692307665,264.297335005988,0.1978021978021971,1.9728007934691387,0
6.610271215438843,17.779240100709544,0.3296703296703285,43.9319951839609,0.2417582417582409,1.9750896467536432,0
6.6202685832977295,17.779240100709544,-0.7692307692307665,109.9190421331026,0.22417582417582338,1.9754711223010606,0
6.63045859336853,17.779240100709544,-0.3296703296703285,-43.13640874801365,0.21538461538461462,1.9754711223010606,0
6.640241861343384,17.782673380636304,-0.1098901098901095,-22.464908489180964,0.14505494505494454,1.9754711223010606,0
6.650299310684204,17.782673380636304,0.7692307692307665,-87.40992366253097,0.11868131868131826,1.975852597848478,0
6.660232782363892,17.779240100709544,-0.1098901098901095,88.50086933036211,0.08351648351648322,1.975852597848478,0
6.670407772064209,17.779240100709544,-0.7692307692307665,64.80013039424409,0.0659340659340657,1.9754711223010606,0
6.680395126342773,17.779240100709544,-0.3296703296703285,-44.011699925760404,0.04835164835164818,1.9754711223010606,0
6.690378904342651,17.779240100709544,1.4285714285714235,-176.10986124323375,0.01318681318681314,1.9754711223010606,0
6.700366258621216,17.768940260929277,-1.8681318681318615,330.08774944320305,-0.03076923076923066,1.9754711223010606,0
6.710354328155518,17.758640421149003,-0.9890109890109855,-88.0170964070419,-0.12747252747252702,1.9743266956588084,0
6.720363616943359,17.75520714122225,0.3296703296703285,-131.745756030449,-0.22417582417582338,1.9731822690165561,0
6.730428218841553,17.75177386129549,-1.2087912087912045,152.8586579005866,-0.22417582417582338,1.9728007934691387,0
6.74037504196167,17.738040741588463,-1.4285714285714235,22.09551905429175,-0.23296703296703214,1.9724193179217213,0
6.750356674194336,17.73117418173495,0.1098901098901095,-154.12925487544456,-0.3912087912087898,1.9708934157320517,0
6.760444164276123,17.720874341954683,-0.5494505494505475,65.36221141184484,-0.42637362637362486,1.9701304646372169,0
6.77038836479187,17.700274662394143,-2.9670329670329565,243.11480985867723,-0.3999999999999986,1.9689860379949646,0
6.780429840087891,17.665941863126577,-4.2857142857142705,131.3234639141038,-0.38241758241758106,1.9666971847104602,0
6.790364742279053,17.614442664225223,-4.9450549450549275,66.36609466847024,-0.32087912087911974,1.962882429236286,0
6.800345182418823,17.552643625543602,-8.021978021977993,308.2953290468628,-0.2857142857142847,1.957160296025025,0
6.810342311859131,17.48397802700847,-6.4835164835164605,-153.8903289836961,-0.3296703296703285,1.9502937361715116,0
6.820410966873169,17.408445868619822,-7.8021978021977745,130.968964260148,-0.3296703296703285,1.9426642252231634,0
6.8305699825286865,17.32604715037766,-9.120879120879152,129.80404434805394,-0.3032967032967022,1.9342717631799804,0
6.840391159057617,17.240215152208748,-8.68131868131865,-44.75639331659194,-0.312087912087911,1.9251163500419626,0
6.850435972213745,17.147516594186314,-9.78021978021981,109.39985461359869,-0.29450549450549346,1.9155794613565273,0
6.8603675365448,17.051384756237127,-10.219780219780247,44.25893292419107,-0.32087912087911974,1.9052796215762573,0
6.8703954219818115,16.948386358434426,-11.318681318681342,109.58452864301613,-0.2681318681318672,1.8945983062485698,0
6.880636930465698,16.838521400778212,-11.318681318681342,-0.0,-0.2681318681318672,1.8831540398260476,0
6.890432596206665,16.725223163195245,-11.318681318681342,-0.0,-0.1978021978021971,1.8709468223086905,0
6.900394678115845,16.601625085832005,-12.417582417582437,110.30837820039389,-0.22417582417582338,1.858358129243916,0
6.910402059555054,16.47116044861525,-13.076923076923094,65.88543300221934,-0.21538461538461462,1.8446250095368892,0
6.920397043228149,16.337262531471737,-14.395604395604408,131.93431443324053,-0.14505494505494454,1.8301289387350277,0
6.930367946624756,16.19993133440147,-14.615384615384627,22.04215716852901,-0.21538461538461462,1.8152513923857487,0
6.9403581619262695,16.05916685740445,-14.395604395604408,-21.9995478722985,-0.17142857142857082,1.7999923704890524,0
6.950360298156738,15.914969100480667,-15.494505494505503,109.86663984375616,-0.16263736263736206,1.7843518730449386,0
6.960430145263672,15.76733806363013,-14.615384615384627,-87.30230655791757,-0.1538461538461533,1.7683299000534074,0
6.97042989730835,15.623140306706333,-13.95604395604397,-65.93570084486088,-0.1538461538461533,1.7519264515144588,0
6.980369567871094,15.478942549782552,-14.17582417582419,22.11141892408375,-0.20659340659340586,1.7359044785229258,0
6.990354061126709,15.327878233005258,-15.274725274725284,110.06077832573806,-0.1978021978021971,1.7198825055313947,0
7.000407934188843,15.18024719615472,-14.835164835164846,-43.720508190616414,-0.22417582417582338,1.7030975814450287,0
7.010359287261963,15.022316319523913,-15.934065934065941,110.42730479228679,-0.23296703296703214,1.68669413290608,0
7.020385503768921,14.864385442893106,-17.032967032967036,109.6027697126307,-0.20659340659340586,1.6691462577248792,0
7.0303428173065186,14.699588006408785,-15.714285714285722,-132.43344338833228,-0.12747252747252702,1.6515983825436784,0
7.0403735637664795,14.524490730144194,-17.032967032967036,131.46392683186704,-0.13626373626373578,1.6332875562676428,0
7.05036473274231,14.345960173952847,-18.35164835164835,131.98468786499095,-0.1538461538461533,1.613832303349355,0
7.060356616973877,14.160563057907986,-19.450549450549445,109.97936659727644,-0.12747252747252702,1.5939955748836496,0
7.070376396179199,13.971732661936368,-19.670329670329664,21.934637009114635,-0.11868131868131826,1.5733958953231095,0
7.080373287200928,13.779468986037994,-19.010989010989007,-65.9545710669009,-0.10109890109890074,1.552414740215152,0
7.090363264083862,13.58720531013962,-19.230769230769226,22.000072908643034,-0.11868131868131826,1.531052109559777,0
7.100356817245483,13.398374914168002,-18.35164835164835,-87.96879997567055,-0.11868131868131826,1.5096894789044022,0
7.110341310501099,13.206111238269628,-19.230769230769226,88.04862266059045,-0.1538461538461533,1.4887083237964447,0
7.120356559753418,13.01728084229801,-19.230769230769226,-0.0,-0.17142857142857082,1.4673456931410698,0
7.130427837371826,12.82158388647288,-19.450549450549445,21.82247656230888,-0.16263736263736206,1.4463645380331123,0
7.140348434448242,12.625886930647749,-19.230769230769226,-22.153930664384802,-0.16263736263736206,1.42462043183032,0
7.150350093841553,12.426756694895861,-20.109890109890102,87.8975022593613,-0.18021978021977958,1.4028763256275276,0
7.160430669784546,12.22075989929046,-19.670329670329664,-43.60469501407496,-0.1978021978021971,1.3807507438773179,0
7.170491933822632,12.011329823758302,-20.76923076923076,109.22097807405825,-0.08351648351648322,1.3578622110322733,0
7.180367708206177,11.798466468299388,-21.868131868131854,111.27239811513829,-0.1538461538461533,1.3345922026398114,0
7.190355539321899,11.582169832913717,-22.307692307692292,44.00959872744446,-0.1978021978021971,1.310940718699932,0
7.200389862060547,11.36243991760129,-22.52747252747251,21.902845414143364,-0.17142857142857082,1.2869077592126352,0
7.2105138301849365,11.142710002288846,-22.087912087912073,-43.417801612936046,-0.18901098901098834,1.262493324177921,0
7.220420598983765,10.919546807049661,-22.96703296703295,88.73941614796416,-0.18901098901098834,1.238078889143205,0
7.230390787124634,10.696383611810477,-22.74725274725273,-22.043738460592365,-0.18901098901098834,1.2132829785610735,0
7.240358114242554,10.469787136644536,-22.087912087912073,-66.1501976949518,-0.18901098901098834,1.1884870679789419,0
7.250366449356079,10.236324101625081,-24.065934065934044,197.63746473165622,-0.11868131868131826,1.1633096818493929,0
7.262211561203003,9.995994506752114,-23.626373626373606,-37.10901553661494,-0.13626373626373578,1.137369344625009,0
7.270654678344727,9.748798352025632,-25.16483516483514,182.2148754585989,-0.13626373626373578,1.1106660563057904,0
7.280404090881348,9.508468757152665,-22.96703296703295,-225.42919273820104,-0.12747252747252702,1.083199816891737,0
7.290400981903076,9.261272602426184,-24.065934065934044,109.92428511150152,-0.16263736263736206,1.0564965285725183,0
7.300343990325928,9.020943007553216,-24.285714285714263,22.10399613814147,-0.1098901098901095,1.0290302891584648,0
7.310379981994629,8.777180132753491,-23.626373626373606,-65.69760927531608,-0.16263736263736206,1.0023270008392462,0
7.320369720458984,8.533417257953767,-24.94505494505492,132.0035878202938,-0.14505494505494454,0.9752422369726101,0
7.33036470413208,8.279354543373772,-25.38461538461536,43.97810481108018,-0.13626373626373578,0.9481574731059741,0
7.3404247760772705,8.021858548867021,-26.263736263736234,87.38713638535862,-0.07472527472527446,0.9199282825970858,0
7.3506364822387695,7.75406271458,-25.38461538461536,-86.08951973524333,-0.07472527472527446,0.8913176165407801,0
7.360503196716309,7.489700160219735,-26.703296703296672,133.64948602528295,-0.0659340659340657,0.8615625238422222,0
7.370455265045166,7.221904325932714,-26.483516483516453,-22.083873675076703,-0.07472527472527446,0.8321889066910817,0
7.380376815795898,6.960975051499206,-26.263736263736234,-22.151801195392213,-0.12747252747252702,0.8024338139925238,0
7.39036226272583,6.700045777065682,-25.604395604395577,-66.03016008870529,-0.09230769230769198,0.7734416723888007,0
7.400355577468872,6.439116502632174,-25.16483516483514,-43.98544935918176,-0.11868131868131826,0.7444495307850758,0
7.410501956939697,6.1781872281986665,-26.263736263736234,108.30475068085762,-0.14505494505494454,0.7154573891813527,0
7.4204277992248535,5.917257953765159,-26.043956043956015,-22.142223648757007,-0.07472527472527446,0.6864652475776296,0
7.430420160293579,5.656328679331651,-26.263736263736234,21.994823672664733,-0.16263736263736206,0.6574731059739065,0
7.4403769969940186,5.3885328450446295,-27.142857142857174,88.29319045497043,-0.13626373626373578,0.6284809643701834,0
7.450445175170898,5.113870450904095,-27.362637362637393,21.82919450957995,-0.1098901098901095,0.5987258716716255,0
7.460362195968628,4.846074616617074,-27.80219780219783,44.32383964154594,-0.1098901098901095,0.5682078278782328,0
7.470386266708374,4.578278782330052,-28.02197802197805,21.925246288294446,-0.13626373626373578,0.5384527351796748,0
7.480360269546509,4.303616388189518,-28.02197802197805,-0.0,-0.1098901098901095,0.5086976424811169,0
7.490413188934326,4.028953994048983,-27.582417582417612,-43.7246557545382,-0.12747252747252702,0.4781795986877242,0
7.500366687774658,3.747425040054935,-28.901098901098926,132.4841987561155,-0.03076923076923066,0.44766155489433146,0
7.510379314422607,3.465896086060887,-28.02197802197805,-87.80122439709037,-0.1098901098901095,0.4163805600061039,0
7.520415782928467,3.184367132066839,-28.24175824175827,21.89816265072814,-0.11868131868131826,0.38509956511787635,0
7.530364990234375,2.906271457999548,-28.24175824175827,-0.0,-0.1098901098901095,0.3538185702296488,0
7.540436506271362,2.6281757839322566,-27.80219780219783,-43.643919936796706,-0.14505494505494454,0.32291905088883865,0
7.55035662651062,2.3569466697184787,-28.46153846153849,66.46498665725713,-0.16263736263736206,0.2920195315480285,0
7.560349225997925,2.0788509956511714,-27.80219780219783,-65.98289666050665,-0.18901098901098834,0.2618829633020532,0
7.570483207702637,1.7938887617303667,-29.780219780219802,195.18704845325175,-0.08351648351648322,0.23098344396124126,0
7.5804831981658936,1.5020599679560487,-29.780219780219802,-0.0,-0.03956043956043942,0.1993209735255963,0
7.59044885635376,1.2102311741817307,-29.340659340659364,-44.107517162853256,-0.03956043956043942,0.16689555199511652,0
7.6007397174835205,0.9115358205538993,-28.46153846153849,-85.42733868776976,-0.01318681318681314,0.13447013046463674,0
7.610449314117432,0.633440146486608,-28.901098901098926,45.270720930389274,-0.08351648351648322,0.10128175783932214,0
7.620375633239746,0.35191119249256,-29.340659340659364,44.28231997622384,-0.09230769230769198,0.070382238498512,0
7.630432605743408,0.070382238498512,-27.80219780219783,-152.97461914122997,-0.12747252747252702,0.03910124361028444,0
7.64035439491272,-0.20428015564202262,-27.362637362637393,-44.302537784214906,-0.08351648351648322,0.007820248722056888,0
7.650355100631714,-0.4823758297093139,-28.24175824175827,87.90588422686804,-0.10109890109890074,12.477302204928664,0
7.6603779792785645,-0.7570382238498485,-28.24175824175827,-0.0,-0.03956043956043942,12.446402685587854,0
7.670406103134155,-1.0385671778438965,-27.362637362637393,-87.6655386172513,-0.1098901098901095,12.415884641794461,0
7.680370569229126,-1.3166628519111878,-28.24175824175827,88.22558787816928,-0.13626373626373578,12.384603646906234,0
7.690415620803833,-1.5947585259784791,-28.46153846153849,21.87945160317696,-0.1538461538461533,12.353704127565424,0
7.700451612472534,-1.876287479972527,-27.362637362637393,-109.49601545886013,-0.1098901098901095,12.322804608224613,0
7.710449934005737,-2.1543831540398184,-28.24175824175827,87.9268461412678,-0.10109890109890074,12.291523613336386,0
7.720398902893066,-2.4359121080338824,-28.02197802197805,-22.090753551368394,-0.04835164835164818,12.260624093995576,0
7.730507135391235,-2.720874341954687,-27.582417582417612,-43.485390709014865,-0.08351648351648322,12.229343099107346,0
7.740434885025024,-2.9989700160219783,-28.901098901098926,132.8278177154253,-0.1098901098901095,12.197680628671701,0
7.750458002090454,-3.2770656900892696,-27.362637362637393,-153.49132694137398,-0.07472527472527446,12.166781109330891,0
7.760765790939331,-3.555161364156561,-27.582417582417612,21.321761922215195,-0.11868131868131826,12.135881589990081,0
7.770851373672485,-3.826390478370339,-27.142857142857174,-43.5830483166305,-0.12747252747252702,12.104982070649271,0
7.780540704727173,-4.09418631265736,-26.92307692307689,-22.682703123654527,-0.10109890109890074,12.074845502403296,0
7.790512561798096,-4.365415426871138,-26.263736263736234,-66.12014739593916,-0.10109890109890074,12.045090409704738,0
7.800502061843872,-4.646944380865186,-27.80219780219783,154.00786139563306,-0.0219780219780219,12.014953841458762,0
7.810462713241577,-4.928473334859234,-28.02197802197805,22.064844055365302,-0.01318681318681314,11.983672846570535,0
7.8205320835113525,-5.210002288853282,-27.142857142857174,-87.30644077710392,-0.05714285714285694,11.952391851682307,0
7.830458641052246,-5.484664682993817,-27.80219780219783,66.42188458833085,-0.07472527472527446,11.92111085679408,0
7.840429782867432,-5.752460517280838,-26.483516483516453,-132.24978072953417,-0.04835164835164818,11.890592813000687,0
7.850615739822388,-6.020256351567859,-26.483516483516453,-0.0,-0.09230769230769198,11.86083772030213,0
7.860494375228882,-6.27775234607461,-26.043956043956015,-44.49606868489895,-0.1538461538461533,11.831082627603571,0
7.8704705238342285,-6.5352483405813615,-26.92307692307689,88.1222718203811,-0.08351648351648322,11.802471961547266,0
7.879998683929443,-6.785877775234615,-26.043956043956015,-92.26554448454125,-0.1098901098901095,11.77386129549096,0
7.88996696472168,-7.03994048981461,-25.604395604395577,-44.09591269768245,-0.09230769230769198,11.746013580529487,0
7.9001305103302,-7.300869764248118,-26.043956043956015,43.24872996997591,-0.11868131868131826,11.717784390020599,0
7.910001993179321,-7.554932478828112,-24.505494505494482,-155.8490818427051,-0.08351648351648322,11.688792248416876,0
7.920133352279663,-7.80556191348135,-26.043956043956015,151.85144690110042,-0.10109890109890074,11.660563057907988,0
7.930157899856567,-8.059624628061345,-25.16483516483514,-87.69681348475972,-0.05714285714285694,11.632715342946517,0
7.940000534057617,-8.303387502861069,-25.38461538461536,22.3294105308493,-0.11868131868131826,11.604486152437628,0
7.949991226196289,-8.55058365758755,-23.846153846153825,-153.98948512350518,-0.08351648351648322,11.577401388570992,0
7.959967613220215,-8.801213092240788,-24.505494505494482,66.09012438665413,-0.07472527472527446,11.549935149156939,0
7.970092296600342,-9.051842526894026,-24.505494505494482,-0.0,-0.03076923076923066,11.522087434195468,0
7.98016095161438,-9.299038681620507,-24.94505494505492,43.65632142004933,-0.1098901098901095,11.494239719233997,0
7.9901649951934814,-9.539368276493475,-23.18681318681317,-175.75310866445216,-0.08351648351648322,11.466773479819944,0
8.00102686882019,-9.776264591439686,-22.74725274725273,-40.46819680166169,-0.12747252747252702,11.440070191500725,0
8.0101797580719,-10.002861066605627,-22.74725274725273,-0.0,-0.12747252747252702,11.413748378728924,0
8.019988775253296,-10.229457541771568,-22.52747252747251,-22.405936875821588,-0.1098901098901095,11.388570992599375,0
8.029981136322021,-10.45605401693751,-22.74725274725273,21.994823672664733,-0.12747252747252702,11.363393606469826,0
8.03999400138855,-10.68265049210345,-23.18681318681317,43.89956687120755,-0.12747252747252702,11.338216220340277,0
8.049973726272583,-10.916113527122905,-24.505494505494482,132.13603921998924,0.04835164835164818,11.313038834210728,0
8.059967756271362,-11.146143282215602,-23.18681318681317,-131.94690418603727,-0.0659340659340657,11.287098496986344,0
8.06997013092041,-11.37273975738156,-22.52747252747251,-65.91841262448824,-0.05714285714285694,11.261539635309378,0
8.07994556427002,-11.595902952620744,-22.087912087912073,-44.06429516945754,-0.01318681318681314,11.236362249179827,0
8.089965105056763,-11.812199588006415,-21.428571428571416,-65.80547685508995,-0.07472527472527446,11.211566338597695,0
8.099963665008545,-12.018196383611816,-21.208791208791197,-21.98118737499229,-0.08351648351648322,11.187533379110398,0
8.10994005203247,-12.22075989929046,-20.32967032967032,-88.12016584887216,-0.10109890109890074,11.164644846265354,0
8.119939088821411,-12.416456855115591,-19.670329670329664,-65.94041738799578,-0.12747252747252702,11.142137788967727,0
8.129937648773193,-12.612153810940722,-18.79120879120879,-87.92474949996917,-0.1538461538461533,11.120393682764934,0
8.139960765838623,-12.807850766765853,-19.670329670329664,87.70932968078512,-0.10109890109890074,11.098649576562142,0
8.149959802627563,-12.99668116273747,-19.230769230769226,-43.96027825866385,-0.1538461538461533,11.07690547035935,0
8.159957647323608,-13.185511558709088,-18.13186813186813,-109.91379965482088,-0.11868131868131826,11.055924315251392,0
8.17004108428955,-13.374341954680705,-17.912087912087912,-21.796161420212606,-0.11868131868131826,11.034943160143435,0
8.179961919784546,-13.55630579079881,-18.57142857142857,66.46019477626481,-0.10109890109890074,11.013962005035477,0
8.189957857131958,-13.738269626916914,-17.252747252747255,-131.92172708272457,-0.10109890109890074,10.993743801022354,0
8.199970006942749,-13.913366903181505,-17.032967032967036,-21.951351501287128,-0.11868131868131826,10.973525597009232,0
8.20995831489563,-14.081597619592582,-15.934065934065941,-110.01874432437242,-0.14505494505494454,10.954070344090944,0
8.219959259033203,-14.246395056076903,-16.5934065934066,65.92784143884319,-0.11868131868131826,10.93537804226749,0
8.229954719543457,-14.40432593270771,-15.054945054945065,-153.91602386736386,-0.14505494505494454,10.917067215991455,0
8.240114450454712,-14.562256809338518,-15.494505494505503,43.26496866895321,-0.17142857142857082,10.899519340810254,0
8.250090837478638,-14.720187685969325,-16.37362637362638,88.12016584887216,-0.1538461538461533,10.881971465629054,0
8.259971380233765,-14.874685282673376,-16.37362637362638,-0.0,-0.12747252747252702,10.864423590447853,0
