loop_time,motor_torque_command,adc_measured_torque,motor_measured_torque,motor_measured_current,motor_measured_speed
0.009999990463256836,0.0,-0.02160513694840127,-0.2756501695042408,-0.00439560439560438,0.0366300366300365
0.019999980926513672,0.0,-0.07160666287385731,-0.3598656310461418,0.00439560439560438,0.06105006105006083
0.029999971389770508,0.0,-0.19161032509500153,0.3726610745390336,0.00439560439560438,-0.1098901098901095
0.039999961853027344,0.0,-0.08160696805897338,-0.24355604330138375,0.2593406593406584,0.08547008547008517
0.04999995231628418,0.0,-0.02160513694840127,0.6555877495836697,0.347252747252746,-0.08547008547008517
0.059999942779541016,0.0,-0.45161825990746884,0.07515143723834633,-0.3296703296703285,-0.08547008547008517
0.06999993324279785,0.0,-0.03660559472603986,-0.16522492063506422,0.45274725274725114,0.1098901098901095
0.07999992370605469,0.0,0.028396388977090292,0.2485331372871574,-0.33846153846153726,-0.1831501831501825
0.08999991416931152,0.0,-0.051606052503678446,0.2544254068989221,-0.3296703296703285,-0.1831501831501825
0.09999990463256836,0.0,-0.026605289540941546,-0.35437465723611367,0.5230769230769248,0.30525030525030417
0.1099998950958252,0.0,-0.04160574731858013,0.06099128215276646,-0.5054945054945073,-0.13431013431013383
0.11999988555908203,0.0,-0.08160696805897338,0.24837090335553125,-0.4791208791208774,-0.28083028083027983
0.12999987602233887,0.0,-0.07660681546641535,-0.3155414808154048,0.7516483516483525,0.5494505494505475
0.1399998664855957,0.0,-0.02160513694840127,0.21810577491599398,-0.42637362637362486,-0.20757020757020683
0.14999985694885254,0.0,-0.05660620509621872,0.2585952361225743,-0.6021978021978036,-0.45177045177045017
0.15999984741210938,0.0,-0.2466120036130156,-0.19311434488489815,0.953846153846154,0.5494505494505475
0.1699998378753662,0.0,0.0333965415696128,0.16783417809357665,-0.5406593406593423,-0.23199023199023117
0.17999982833862305,0.0,0.008395778606893667,0.2318684353073424,-0.7164835164835175,-0.5982905982905962
0.18999981880187988,0.0,-0.011604831763285195,-0.1493939016829663,0.9362637362637365,0.4029304029304015
0.19999980926513672,0.0,0.17340081416095365,-0.10321879815385404,-0.5758241758241773,-0.08547008547008517
0.20999979972839355,0.0,-0.0666065102813348,0.1298668604811008,-0.7956043956043963,-0.42735042735042583
0.2199997901916504,0.0,-0.6566245162019043,-0.28077483334345876,0.8571428571428577,0.6715506715506692
0.22999978065490723,0.0,-0.051606052503678446,0.005131235462186523,-0.32087912087911974,-0.06105006105006083
0.23999977111816406,0.0,-0.04660589991113817,0.2162967502774751,-0.7516483516483525,-0.6227106227106205
0.2499997615814209,0.0,-0.0666065102813348,-0.14425916972907502,0.9626373626373628,0.42735042735042583
0.25999975204467773,0.0,0.023396236384532254,0.057824280407858086,-0.25054945054944966,-0.06105006105006083
0.26999974250793457,0.0,-0.11660803620679083,0.1768593601036249,-0.7868131868131876,-0.5494505494505475
0.2799997329711914,0.0,-0.07160666287385731,-0.12366628439349794,0.9362637362637365,0.35409035409035283
0.28999972343444824,0.0,-0.04160574731858013,-0.6694586288075561,-0.2417582417582409,0.08547008547008517
0.2999997138977051,0.0,-0.08160696805897338,0.17516583917395745,-0.7780219780219788,-0.5250305250305232
0.3099997043609619,0.0,-0.011604831763285195,-0.11799682316941881,0.8659340659340664,0.28083028083027983
0.31999969482421875,0.0,-0.02160513694840127,-0.4754976155922783,0.42637362637362486,0.42735042735042583
0.3299996852874756,0.0,-0.04660589991113817,0.1612559087500222,-0.7604395604395613,-0.45177045177045017
0.3399996757507324,0.0,-1.9166629695238475,-0.17555444876295054,0.8043956043956051,0.30525030525030417
0.34999966621398926,0.0,-0.03160544213348182,1.3268945485223071,0.8219780219780226,-0.1831501831501825
0.3599996566772461,0.0,-0.04660589991113817,0.24872059382664435,-0.7428571428571438,-0.7692307692307665
0.36999964714050293,0.0,-0.016604984355843233,-0.20623237678049966,0.8043956043956051,0.35409035409035283
0.37999963760375977,0.0,1.1984320956331667,0.20343608862037627,-0.5758241758241773,-0.30525030525030417
0.3899996280670166,0.0,-0.05660620509621872,-0.8761853299742066,-0.8307692307692314,0.012210012210012167
0.39999961853027344,0.0,-0.6366239058317077,-0.3142239715591615,0.8483516483516489,0.8424908424908395
0.4099996089935303,0.0,0.0033956260143533923,0.21703324543240451,-0.6197802197802211,-0.37851037851037717
0.4199995994567871,0.0,-0.11160788361425056,0.5310253972517129,0.16263736263736206,-0.1098901098901095
0.42999958992004395,0.0,-0.006604679170762684,-0.12260145344701215,0.9978021978021978,0.42735042735042583
0.4399995803833008,0.0,1.4884409460009111,0.2826697312752888,-0.6725274725274737,-0.7203907203907178
0.4499995708465576,0.0,-0.06160635768877676,-0.2891357462941633,-0.38241758241758106,-0.012210012210012167
0.45999956130981445,0.0,-0.26161246139067196,-0.2850901147509633,0.9274725274725277,0.9890109890109855
0.4699995517730713,0.0,-0.051606052503678446,0.1894799081802217,-0.7868131868131876,-0.5982905982905962
0.4799995422363281,0.0,-0.006604679170762684,0.5809894645465301,-0.0219780219780219,-0.35409035409035283
0.48999953269958496,0.0,-0.0666065102813348,-0.16401909643409524,1.024175824175824,0.5982905982905962
0.4999995231628418,0.0,0.008395778606893667,-1.220660696370418,-0.8043956043956051,0.08547008547008517
0.5099995136260986,0.0,-0.08160696805897338,0.26094801622953057,-0.549450549450551,-0.37851037851037717
0.5199995040893555,0.0,-1.791659154710163,-0.15754437476549876,1.024175824175824,0.5738705738705718
0.5299994945526123,0.0,-0.03160544213348182,1.0630466478906098,0.514285714285716,-0.23199023199023117
0.5399994850158691,0.0,-0.13160849398442942,0.25837697414805094,-0.6725274725274737,-0.5982905982905962
0.549999475479126,0.0,-0.051606052503678446,-0.15509092806449254,0.9450549450549453,0.42735042735042583
0.5599994659423828,0.0,0.26340356082680294,-0.10321879815385404,-0.5758241758241773,-0.08547008547008517
0.5699994564056396,0.0,-0.10160757842915225,0.06934413382059273,-0.7868131868131876,-0.30525030525030417
0.5799994468688965,0.0,-0.9566336717547471,-0.25135876493491605,0.9362637362637365,0.7692307692307665
0.5899994373321533,0.0,0.018396083791974216,0.23675004816082101,-0.3560439560439548,-0.1831501831501825
0.5999994277954102,0.0,-0.0666065102813348,0.24777210851457454,-0.6901098901098912,-0.5982905982905962
0.609999418258667,0.0,-0.02160513694840127,-0.08099569147741933,0.9802197802197803,0.3296703296703285
0.6199994087219238,0.0,-0.0016045265782046458,0.01681364463940338,-0.49670329670329494,-0.1098901098901095
0.6299993991851807,0.0,-0.026605289540941546,0.1568625642366917,-0.7956043956043963,-0.5006105006104988
0.6399993896484375,0.0,-0.1866101725024435,-0.25444665932385035,0.8835164835164839,0.6227106227106205
0.6499993801116943,0.0,0.008395778606893667,-0.7548349941403265,-0.40879120879120734,0.06105006105006083
0.6599993705749512,0.0,-0.03660559472603986,0.1461427748794917,-0.76923076923077,-0.42735042735042583
0.669999361038208,0.0,-1.4516487784169447,-0.1334293448565816,0.9802197802197803,0.42735042735042583
0.6799993515014648,0.0,-0.0016045265782046458,0.8171116912491821,0.3999999999999986,-0.13431013431013383
0.6899993419647217,0.0,-0.0666065102813348,0.24877255493216285,-0.7604395604395613,-0.8424908424908395
0.6999993324279785,0.0,-0.011604831763285195,-0.16592461986283405,0.9274725274725277,0.42735042735042583
0.7099993228912354,0.0,0.7484183623039024,0.21810577491599398,-0.42637362637362486,-0.20757020757020683
0.7199993133544922,0.0,-0.051606052503678446,-0.027117078421269092,-0.8395604395604401,-0.23199023199023117
0.729999303817749,0.0,-0.9266327561994699,-0.2779082695590561,0.9098901098901102,0.8424908424908395
0.7399992942810059,0.0,0.008395778606893667,0.3322936222321957,-0.5406593406593423,-0.5738705738705718
0.7499992847442627,0.0,-0.10160757842915225,0.2954232584969648,-0.6285714285714299,-0.6471306471306448
0.7599992752075195,0.0,-0.03660559472603986,-0.15909632263536017,0.9978021978021978,0.5250305250305232
0.7699992656707764,0.0,-0.011604831763285195,-0.04687058154274085,-0.7252747252747263,-0.15873015873015817
0.7799992561340332,0.0,-0.03160544213348182,0.19477678229105325,-0.7780219780219788,-0.5982905982905962
0.78999924659729,0.0,-0.5016197858329426,-0.2636176836650133,0.9450549450549453,0.8913308913308882
0.7999992370605469,0.0,-0.04160574731858013,-0.7480262087608487,-0.514285714285716,0.0366300366300365
0.8099992275238037,0.0,-0.02160513694840127,0.1894799081802217,-0.7868131868131876,-0.5982905982905962
0.8199992179870605,0.0,-0.07160666287385731,-0.047333152747733476,1.0065934065934066,0.30525030525030417
0.8299992084503174,0.0,0.018396083791974216,-0.5209753943311574,0.3032967032967022,0.35409035409035283
0.8399991989135742,0.0,-0.07160666287385731,0.13529168191483346,-0.7868131868131876,-0.42735042735042583
0.849999189376831,0.0,-1.7016564080443137,-0.1929466970957625,0.8659340659340664,0.4029304029304015
0.8599991798400879,0.0,-0.03660559472603986,1.394565607549451,0.7428571428571438,-0.35409035409035283
0.8699991703033447,0.0,-0.0016045265782046458,0.24597700431808175,-0.734065934065935,-0.7203907203907178
0.8799991607666016,0.0,-0.04660589991113817,-0.17547360400751394,0.8747252747252752,0.37851037851037717
0.8899991512298584,0.0,1.3184357578542931,0.15499147893852602,-0.6989010989011,-0.35409035409035283
0.8999991416931152,0.0,-0.051606052503678446,-0.3759681783847667,-0.8307692307692314,-0.06105006105006083
0.9099991321563721,0.0,-0.7716280258305083,-0.27978263777821516,0.9274725274725277,0.9401709401709368
0.9199991226196289,0.0,-0.04160574731858013,0.23014897035500498,-0.6989010989011,-0.5494505494505475
0.9299991130828857,0.0,0.008395778606893667,0.43985313391056535,-0.29450549450549346,-0.42735042735042583
0.9399991035461426,0.0,0.0033956260143533923,-0.1644281859881318,0.989010989010989,0.5250305250305232
0.9499990940093994,0.0,-0.04660589991113817,0.08609040215003863,-0.7604395604395613,-0.30525030525030417
0.9599990844726562,0.0,-0.016604984355843233,0.2577967409485979,-0.6637362637362649,-0.5738705738705718
0.9699990749359131,0.0,-0.11160788361425056,-0.22300020465541617,0.953846153846154,0.6715506715506692
0.9799990653991699,0.0,-0.0016045265782046458,-0.9985720521271014,-0.6637362637362649,0.06105006105006083
0.9899990558624268,0.0,-0.03660559472603986,0.11640649886271787,-0.7604395604395613,-0.35409035409035283
0.9999990463256836,0.0,-1.3416454213808988,-0.18248059112117299,0.9714285714285715,0.5494505494505475
1.0099990367889404,0.0,-0.0666065102813348,0.9177727746433286,0.42637362637362486,-0.1831501831501825
1.0199990272521973,0.0,-0.08660712065151366,0.27845363336053536,-0.6989010989011,-0.7936507936507908
1.029999017715454,0.0,-0.03160544213348182,-0.08075753483855164,0.953846153846154,0.30525030525030417
1.039999008178711,0.0,0.768418972674099,0.10225602842412455,-0.5054945054945073,-0.15873015873015817
1.0499989986419678,0.0,-0.011604831763285195,0.08335251006124925,-0.8131868131868139,-0.35409035409035283
1.0599989891052246,0.0,-0.9066321458292911,-0.3176684027275604,0.8307692307692314,0.7936507936507908
1.0699989795684814,0.0,-0.011604831763285195,0.22385597195292062,-0.4879120879120862,-0.2564102564102555
1.0799989700317383,0.0,-0.05660620509621872,0.2512173723576326,-0.7252747252747263,-0.7203907203907178
1.0899989604949951,0.0,0.018396083791974216,-0.16384676940955942,0.9626373626373628,0.4761904761904745
1.099998950958252,0.0,0.008395778606893667,0.08374583464453615,-0.5846153846153861,-0.1831501831501825
1.1099989414215088,0.0,-0.03660559472603986,0.19477678229105325,-0.7780219780219788,-0.5982905982905962
1.1199989318847656,0.0,-0.6266236006466271,-0.25249569482559886,0.9274725274725277,0.7448107448107422
1.1299989223480225,0.0,0.018396083791974216,-0.06502850699377322,-0.5230769230769248,-0.08547008547008517
1.1399989128112793,0.0,-0.03160544213348182,0.18459483222128767,-0.8043956043956051,-0.6227106227106205
1.1499989032745361,0.0,-0.011604831763285195,-0.10982766297394128,0.9802197802197803,0.37851037851037717
1.159998893737793,0.0,-0.0016045265782046458,-0.2601658281357377,-0.347252747252746,-0.012210012210012167
1.1699988842010498,0.0,-0.08160696805897338,0.14861231797458818,-0.7956043956043963,-0.4761904761904745
1.1799988746643066,0.0,-0.6416240584242657,-0.25463461175995306,0.8923076923076927,0.6471306471306448
1.1899988651275635,0.0,-0.006604679170762684,-0.6624184952277578,-0.0219780219780219,0.23199023199023117
1.1999988555908203,0.0,-0.006604679170762684,0.20572751079582186,-0.76923076923077,-0.6227106227106205
1.2099988460540771,0.0,-0.026605289540941546,-0.08652847577270034,0.9714285714285715,0.3296703296703285
1.219998836517334,0.0,0.08339806749510437,-0.39112445983194993,0.6373626373626387,0.5738705738705718
1.2299988269805908,0.0,0.008395778606893667,0.2121889743420342,-0.8043956043956051,-0.7692307692307665
1.2399988174438477,0.0,-0.06160635768877676,0.12606646794763618,0.8659340659340664,0.1098901098901095
1.2499988079071045,0.0,0.0333965415696128,-0.25444665932385035,0.8835164835164839,0.6227106227106205
1.2599987983703613,0.0,0.38840737564048744,0.19653981647745236,-0.8307692307692314,-0.7692307692307665
1.2699987888336182,0.0,0.0033956260143533923,0.5267457132199738,0.5670329670329686,-0.012210012210012167
1.279998779296875,0.0,-0.44661810731492857,-0.25112647625949747,0.9714285714285715,0.9157509157509125
1.2899987697601318,0.0,0.008395778606893667,0.15770881419558394,-0.8395604395604401,-0.5982905982905962
1.2999987602233887,0.0,-0.0016045265782046458,0.5698883293736388,-0.03956043956043942,-0.35409035409035283
1.3099987506866455,0.0,-0.026605289540941546,-0.1681413499987256,1.0065934065934066,0.5738705738705718
1.3199987411499023,0.0,-0.07160666287385731,-0.2685089797034347,-0.8043956043956051,-0.08547008547008517
1.3299987316131592,0.0,0.008395778606893667,0.2994489787214299,-0.549450549450551,-0.4761904761904745
1.339998722076416,0.0,-0.5616216169435148,-0.19311434488489815,0.953846153846154,0.5494505494505475
1.3499987125396729,0.0,-0.006604679170762684,0.346519706856784,-0.3736263736263723,-0.3296703296703285
1.3599987030029297,0.0,-0.03660559472603986,0.25280585990532517,-0.7076923076923087,-0.6715506715506692
1.3699986934661865,0.0,-0.06160635768877676,-0.1371716795043037,0.9362637362637365,0.37851037851037717
1.3799986839294434,0.0,0.6684159208231514,0.09615072646548298,-0.6109890109890124,-0.20757020757020683
1.3899986743927002,0.0,-0.08660712065151366,0.001517179991885803,-0.7956043956043963,-0.23199023199023117
1.399998664855957,0.0,-0.9966348924951404,-0.30563405955201517,0.8571428571428577,0.8180708180708152
1.4099986553192139,0.0,-0.02160513694840127,0.2719450251123118,-0.549450549450551,-0.4029304029304015
1.4199986457824707,0.0,-0.05660620509621872,0.28504393506699505,-0.6373626373626387,-0.6227106227106205
1.4299986362457275,0.0,-0.05660620509621872,-0.15447786327171378,0.9626373626373628,0.45177045177045017
1.4399986267089844,0.0,0.018396083791974216,0.11312062802402464,-0.6901098901098912,-0.28083028083027983
1.4499986171722412,0.0,-0.03660559472603986,0.21101188885378294,-0.7604395604395613,-0.6227106227106205
1.459998607635498,0.0,-0.39161642879689673,-0.28123221166012713,0.8923076923076927,0.7936507936507908
1.4699985980987549,0.0,-0.04160574731858013,-0.2447382663808465,-0.6549450549450562,-0.06105006105006083
1.4799985885620117,0.0,0.018396083791974216,0.15150205698998637,-0.8043956043956051,-0.5006105006104988
1.4899985790252686,0.0,-0.0016045265782046458,-0.0696141406786881,0.9714285714285715,0.30525030525030417
1.4999985694885254,0.0,0.008395778606893667,0.2576681742693319,-0.27692307692307594,-0.15873015873015817
1.5099985599517822,0.0,-0.026605289540941546,0.11089629231481224,-0.76923076923077,-0.35409035409035283
1.519998550415039,0.0,-0.026605289540941546,-0.24446414016742907,0.8571428571428577,0.5250305250305232
1.529998540878296,0.0,-0.0016045265782046458,-0.007710443066805496,-0.4439560439560424,-0.08547008547008517
1.5399985313415527,0.0,-0.08160696805897338,0.1736815173556123,-0.7076923076923087,-0.4029304029304015
1.5499985218048096,0.0,-0.03160544213348182,-0.22645927443124098,0.9098901098901102,0.5738705738705718
1.5599985122680664,0.0,-0.03160544213348182,-0.008037192116921221,-0.33846153846153726,-0.06105006105006083
1.5699985027313232,0.0,-0.006604679170762684,0.19166983750091868,-0.7252747252747263,-0.4761904761904745
1.57999849319458,0.0,-0.04660589991113817,-0.12623262279496567,0.953846153846154,0.37851037851037717
1.589998483657837,0.0,-0.026605289540941546,0.132565207580053,-0.25054945054944966,-0.08547008547008517
1.5999984741210938,0.0,-0.08660712065151366,0.1612559087500222,-0.7604395604395613,-0.45177045177045017
1.6099984645843506,0.0,-0.05660620509621872,-0.21758166298588935,0.8747252747252752,0.4761904761904745
1.6199984550476074,0.0,-0.026605289540941546,0.20088860600056627,-0.3032967032967022,-0.13431013431013383
1.6299984455108643,0.0,-0.026605289540941546,0.1624230395694616,-0.7428571428571438,-0.42735042735042583
1.639998435974121,0.0,-0.04160574731858013,-0.1605075322807978,0.9362637362637365,0.42735042735042583
1.649998426437378,0.0,-0.06160635768877676,0.07269290341475129,-0.4175824175824161,-0.1098901098901095
1.6599984169006348,0.0,-0.03660559472603986,0.17746825424983292,-0.734065934065935,-0.45177045177045017
1.6699984073638916,0.0,-0.016604984355843233,-0.2438919208141277,0.9010989010989015,0.6227106227106205
1.6799983978271484,0.0,-0.011604831763285195,-0.2891357462941633,-0.38241758241758106,-0.012210012210012167
1.6899983882904053,0.0,-0.03160544213348182,0.21526963068515736,-0.734065934065935,-0.5738705738705718
1.699998378753662,0.0,-0.02160513694840127,-0.14395197740215634,0.9450549450549453,0.4029304029304015
1.709998369216919,0.0,0.0033956260143533923,-0.5953946109069816,-0.03076923076923066,0.15873015873015817
1.7199983596801758,0.0,-0.02160513694840127,0.16475526255397954,-0.76923076923077,-0.4761904761904745
1.7299983501434326,0.0,-1.2216417591597546,-0.18217878280332914,0.9010989010989015,0.42735042735042583
1.7399983406066895,0.0,-0.051606052503678446,0.7887958408222485,0.5670329670329686,-0.06105006105006083
1.7499983310699463,0.0,0.05339715193980943,0.21628851798371942,-0.7604395604395613,-0.6471306471306448
1.7599983215332031,0.0,-0.03160544213348182,-0.20145611957281465,0.9010989010989015,0.4761904761904745
1.76999831199646,0.0,0.05839730453236747,0.03806076331024863,-0.27692307692307594,-0.06105006105006083
1.7799983024597168,0.0,-0.08160696805897338,0.06934413382059273,-0.7868131868131876,-0.30525030525030417
1.7899982929229736,0.0,-0.986634587310042,-0.2534130099713797,0.918681318681319,0.7203907203907178
1.7999982833862305,0.0,-0.02160513694840127,0.2875925862375637,-0.23296703296703214,-0.15873015873015817
1.8099982738494873,0.0,-0.07160666287385731,0.25330431448378826,-0.6901098901098912,-0.6227106227106205
1.8199982643127441,0.0,-0.07660681546641535,-0.06440023878596224,1.0065934065934066,0.3296703296703285
1.829998254776001,0.0,0.08839822008764464,0.1440656161767233,-0.4439560439560424,-0.15873015873015817
1.8399982452392578,0.0,-0.09160727324405393,0.09436857286548125,-0.7956043956043963,-0.35409035409035283
1.8499982357025146,0.0,-0.47661902287020574,-0.32105678893614664,0.8571428571428577,0.9401709401709368
1.8599982261657715,0.0,0.028396388977090292,0.07314611615483467,-0.4879120879120862,-0.13431013431013383
1.8699982166290283,0.0,-0.016604984355843233,0.1841368262763226,-0.7076923076923087,-0.42735042735042583
1.8799982070922852,0.0,-0.04660589991113817,-0.15376494264831958,1.0065934065934066,0.5250305250305232
1.889998197555542,0.0,0.013395931199433941,-0.535670728356175,-0.4439560439560424,0.012210012210012167
1.8999981880187988,0.0,-0.02160513694840127,0.17327896619143007,-0.7252747252747263,-0.42735042735042583
1.9099981784820557,0.0,-1.1916408436044774,-0.16384676940955942,0.9626373626373628,0.4761904761904745
1.9199981689453125,0.0,-0.026605289540941546,0.68394511470688,0.1538461538461533,-0.23199023199023117
1.9299981594085693,0.0,-0.02160513694840127,0.22686792322205224,-0.734065934065935,-0.6227106227106205
1.9399981498718262,0.0,-0.07160666287385731,-0.1252715000801364,0.9098901098901102,0.3296703296703285
1.949998140335083,0.0,1.0284269074865486,0.16000535720530532,-0.514285714285716,-0.20757020757020683
1.9599981307983398,0.0,-0.04160574731858013,-0.2685089797034347,-0.8043956043956051,-0.08547008547008517
1.9699981212615967,0.0,-0.6816252791646412,-0.32105678893614664,0.8571428571428577,0.9401709401709368
1.9799981117248535,0.0,0.05839730453236747,0.22580985617103755,-0.514285714285716,-0.28083028083027983
1.9899981021881104,0.0,0.028396388977090292,0.35933411904427714,-0.3736263736263723,-0.35409035409035283
1.9999980926513672,0.0,0.028396388977090292,-0.10982766297394128,0.9802197802197803,0.37851037851037717
2.009998083114624,0.0,2.06345849414386,0.09034866022897607,-0.6197802197802211,-0.20757020757020683
2.019998073577881,0.0,0.018396083791974216,-1.4323755584911588,-0.6285714285714299,0.45177045177045017
2.0299980640411377,0.0,-0.49161948064784433,-0.30465545357045914,0.9098901098901102,1.08669108669109
2.0399980545043945,0.0,0.03839669416217084,0.02453838092411352,-0.5582417582417598,-0.13431013431013383
2.0499980449676514,0.0,-1.4516487784169447,-0.2592018696406337,0.8659340659340664,0.5982905982905962
2.059998035430908,0.0,0.12839944082802013,0.004925966639515139,1.024175824175824,0.2564102564102555
2.069998025894165,0.0,0.028396388977090292,0.3320720433532833,-0.45274725274725114,-0.4029304029304015
2.079998016357422,0.0,-0.02160513694840127,-0.18317175578211856,0.9450549450549453,0.5006105006104988
2.0899980068206787,0.0,0.1083988304578235,-0.32979509433088616,0.8219780219780226,0.8424908424908395
2.0999979972839355,0.0,0.08339806749510437,0.22937054378733623,-0.6637362637362649,-0.4761904761904745
2.1099979877471924,0.0,-0.016604984355843233,-0.16526337541556313,0.9450549450549453,0.45177045177045017
2.119997978210449,0.0,0.028396388977090292,-0.2717110540184288,0.9626373626373628,1.0622710622710656
2.129997968673706,0.0,0.023396236384532254,0.06474228917226774,-0.734065934065935,-0.2564102564102555
2.139997959136963,0.0,-1.8116597650803596,-0.2638739280555097,0.9010989010989015,0.7203907203907178
2.1499979496002197,0.0,0.11839913564293958,1.3438169488676173,1.0505494505494504,-0.08547008547008517
2.1599979400634766,0.0,0.04339684675472888,0.2790718968578627,-0.6285714285714299,-0.5738705738705718
2.1699979305267334,0.0,0.028396388977090292,-0.1750933627908682,0.9714285714285715,0.5250305250305232
2.1799979209899902,0.0,0.05839730453236747,0.16199126141380127,-0.4175824175824161,-0.15873015873015817
2.189997911453247,0.0,0.008395778606893667,0.2162967502774751,-0.7516483516483525,-0.6227106227106205
2.199997901916504,0.0,-1.0266358080504174,-0.25844825611038635,0.953846153846154,0.8913308913308882
2.2099978923797607,0.0,0.0333965415696128,0.2985144831187081,-0.47032967032966866,-0.35409035409035283
2.2199978828430176,0.0,-0.0666065102813348,0.241547616666449,-0.7780219780219788,-0.8669108669108638
2.2299978733062744,0.0,0.03839669416217084,-0.19151142247785669,1.0065934065934066,0.6715506715506692
2.2399978637695312,0.0,0.15340020379075703,0.09896404798831321,-0.6461538461538474,-0.23199023199023117
2.249997854232788,0.0,-0.016604984355843233,0.11399204050351713,-0.8659340659340664,-0.5006105006104988
2.259997844696045,0.0,-0.7416271102752133,-0.2563322449614111,0.989010989010989,1.0622710622710656
2.2699978351593018,0.0,0.04839699934725139,0.3165442238649422,-0.5934065934065949,-0.6471306471306448
2.2799978256225586,0.0,-0.011604831763285195,0.23466062666529805,-0.8043956043956051,-0.9401709401709368
2.2899978160858154,0.0,-0.9416332139771085,-0.22593116353542625,1.0329670329670328,1.013431013431017
2.2999978065490723,0.0,-0.006604679170762684,0.17013721081190533,-0.7604395604395613,-0.4761904761904745
2.309997797012329,0.0,-0.0666065102813348,0.21647442809970785,-0.8483516483516489,-1.013431013431017
2.319997787475586,0.0,-0.6966257369422798,-0.2067805656793234,1.0417582417582416,0.8913308913308882
2.3299977779388428,0.0,0.023396236384532254,0.12742836205572217,-0.7428571428571438,-0.35409035409035283
2.3399977684020996,0.0,0.0033956260143533923,0.190559160809288,-0.8747252747252752,-0.9157509157509125
2.3499977588653564,0.0,-0.03160544213348182,-0.13501854668493252,1.024175824175824,0.5006105006104988
2.3599977493286133,0.0,0.08339806749510437,0.10448518248620056,-0.6725274725274737,-0.2564102564102555
2.36999773979187,0.0,-0.04160574731858013,0.16645018803782008,-0.8747252747252752,-0.7448107448107422
2.379997730255127,0.0,-0.9966348924951404,-0.25198298338805425,0.953846153846154,0.8424908424908395
2.389997720718384,0.0,-0.03660559472603986,0.2955092298857457,-0.6109890109890124,-0.5982905982905962
2.3999977111816406,0.0,-0.08160696805897338,0.21349215115668574,-0.8307692307692314,-0.8913308913308882
2.4099977016448975,0.0,-1.3866467947138323,-0.2242470296209092,1.0065934065934066,0.8669108669108638
2.4199976921081543,0.0,-0.03660559472603986,0.21596911239168945,-0.7428571428571438,-0.5982905982905962
2.429997682571411,0.0,-0.05660620509621872,0.22580855182554221,-0.8571428571428577,-1.1843711843711873
2.439997673034668,0.0,-0.09160727324405393,-0.18599984594140306,1.024175824175824,0.6959706959706935
2.449997663497925,0.0,-0.04160574731858013,0.05122396640030605,-0.7868131868131876,-0.28083028083027983
2.4599976539611816,0.0,-0.07160666287385731,0.17046755401776945,-0.8747252747252752,-0.7692307692307665
2.4699976444244385,0.0,-0.07160666287385731,-0.0906702994797513,0.989010989010989,0.35409035409035283
2.4799976348876953,0.0,-0.07660681546641535,0.061345579532407185,-0.6637362637362649,-0.20757020757020683
2.489997625350952,0.0,-0.11160788361425056,0.1634027563434588,-0.8571428571428577,-0.6715506715506692
2.499997615814209,0.0,-0.16160940953972436,-0.23706881717347436,0.8923076923076927,0.5738705738705718
2.509997606277466,0.0,-0.016604984355843233,0.17267096043199281,-0.5670329670329686,-0.2564102564102555
2.5199975967407227,0.0,-0.07160666287385731,0.19653981647745236,-0.8307692307692314,-0.7692307692307665
2.5299975872039795,0.0,-0.09160727324405393,-0.02158208169172271,0.9450549450549453,0.23199023199023117
2.5399975776672363,0.0,0.0033956260143533923,0.23917312136042854,-0.6021978021978036,-0.4029304029304015
2.549997568130493,0.0,-0.016604984355843233,0.19653981647745236,-0.8307692307692314,-0.7692307692307665
2.55999755859375,0.0,-0.051606052503678446,0.12572891209566395,0.76923076923077,0.08547008547008517
2.569997549057007,0.0,1.0584278230418436,0.16602010925176458,-0.6813186813186825,-0.35409035409035283
2.5799975395202637,0.0,-0.07160666287385731,-0.18169937067449407,-0.8571428571428577,-0.13431013431013383
2.5899975299835205,0.0,-0.04660589991113817,-0.47096792362239737,0.5054945054945073,0.5738705738705718
2.5999975204467773,0.0,-0.03160544213348182,0.17913649251115968,-0.6989010989011,-0.4029304029304015
2.609997510910034,0.0,-0.11660803620679083,0.36446911662764714,-0.5054945054945073,-0.6227106227106205
2.619997501373291,0.0,-0.11660803620679083,-0.2689090461777187,0.8395604395604401,0.5738705738705718
2.629997491836548,0.0,-0.07660681546641535,0.07609498471902201,-0.7164835164835175,-0.2564102564102555
2.6399974822998047,0.0,-0.12160818879934887,0.25394133007308417,-0.734065934065935,-0.7692307692307665
2.6499974727630615,0.0,-0.05660620509621872,-0.07436018994144003,0.9010989010989015,0.2564102564102555
2.6599974632263184,0.0,0.0033956260143533923,0.12765147663188006,-0.6021978021978036,-0.23199023199023117
2.669997453689575,0.0,-0.04160574731858013,0.2055034293429749,-0.8219780219780226,-0.7936507936507908
2.679997444152832,0.0,-0.08160696805897338,-0.27423464123669167,0.7956043956043963,0.5006105006104988
2.689997434616089,0.0,-0.011604831763285195,0.042569132007552024,-0.5934065934065949,-0.15873015873015817
2.6999974250793457,0.0,-0.10660773102171028,0.19256895577227393,-0.8307692307692314,-0.7448107448107422
2.7099974155426025,0.0,-0.0666065102813348,-0.11419931809568648,0.9010989010989015,0.30525030525030417
2.7199974060058594,0.0,0.40840798601068407,0.2181668149876716,-0.49670329670329494,-0.2564102564102555
2.729997396469116,0.0,-0.05660620509621872,0.06904928430001023,-0.8571428571428577,-0.37851037851037717
2.739997386932373,0.0,-0.7716280258305083,-0.3099410327722739,0.8307692307692314,0.7448107448107422
2.74999737739563,0.0,0.028396388977090292,0.13339041245778654,-0.5934065934065949,-0.23199023199023117
2.7599973678588867,0.0,-0.0666065102813348,0.23175726802882063,-0.7428571428571438,-0.6715506715506692
2.7699973583221436,0.0,-0.02160513694840127,-0.12076381948889317,0.9626373626373628,0.37851037851037717
2.7799973487854004,0.0,0.24340295045662408,0.08374583464453615,-0.5846153846153861,-0.1831501831501825
2.7899973392486572,0.0,-0.05660620509621872,0.11370869278283766,-0.8043956043956051,-0.4029304029304015
2.799997329711914,0.0,-1.1316390124939053,-0.3230051696476705,0.8747252747252752,1.0622710622710656
2.809997320175171,0.0,0.013395931199433941,0.3315323970915226,-0.5318681318681335,-0.5494505494505475
2.8199973106384277,0.0,-0.026605289540941546,0.26229549000193153,-0.7428571428571438,-0.8669108669108638
2.8299973011016846,0.0,-0.05660620509621872,-0.2020057497407857,0.989010989010989,0.6715506715506692
2.8399972915649414,0.0,-0.04660589991113817,-0.01024819355678483,-0.7252747252747263,-0.1831501831501825
2.8499972820281982,0.0,-0.026605289540941546,0.1634027563434588,-0.8571428571428577,-0.6715506715506692
2.859997272491455,0.0,-1.0066351976802208,-0.2436931322159036,0.989010989010989,0.9401709401709368
2.869997262954712,0.0,0.023396236384532254,0.26094801622953057,-0.549450549450551,-0.37851037851037717
2.8799972534179688,0.0,0.023396236384532254,0.18968328583090083,-0.8131868131868139,-0.6715506715506692
2.8899972438812256,0.0,0.04839699934725139,-0.19123470619181582,1.0153846153846153,0.6959706959706935
2.8999972343444824,0.0,0.04839699934725139,-0.04831521803424238,-0.6637362637362649,-0.13431013431013383
2.9099972248077393,0.0,-0.006604679170762684,0.18466507381947547,-0.8131868131868139,-0.6471306471306448
2.919997215270996,0.0,-0.7716280258305083,-0.22254272465399938,0.9978021978021978,0.8180708180708152
2.929997205734253,0.0,-0.016604984355843233,0.09138199240091605,-0.4615384615384599,-0.13431013431013383
2.9399971961975098,0.0,0.028396388977090292,0.2017557190665819,-0.8219780219780226,-0.7692307692307665
2.9499971866607666,0.0,-0.07660681546641535,-0.11718823279082408,1.0065934065934066,0.42735042735042583
2.9599971771240234,0.0,0.013395931199433941,-0.007710443066805496,-0.4439560439560424,-0.08547008547008517
2.9699971675872803,0.0,-0.06160635768877676,0.15153696917771875,-0.8395604395604401,-0.5738705738705718
2.979997158050537,0.0,-1.3166446584181797,-0.25522086186960524,0.9362637362637365,0.7936507936507908
2.989997148513794,0.0,-0.05660620509621872,0.34999132210048434,-0.32087912087911974,-0.28083028083027983
2.999997138977051,0.0,-0.07660681546641535,0.19494084182558213,-0.8043956043956051,-0.6715506715506692
3.0099971294403076,0.0,-0.02160513694840127,-0.1369974488363077,1.0065934065934066,0.4761904761904745
3.0199971199035645,0.0,-0.10160757842915225,0.06047012559234803,-0.5670329670329686,-0.15873015873015817
3.0299971103668213,0.0,-0.13160849398442942,0.18466507381947547,-0.8131868131868139,-0.6471306471306448
3.039997100830078,0.0,-0.09160727324405393,-0.1291673069925142,0.9274725274725277,0.35409035409035283
3.049997091293335,0.0,-0.0666065102813348,0.01681364463940338,-0.49670329670329494,-0.1098901098901095
3.059997081756592,0.0,-0.12160818879934887,0.15379488284707923,-0.8131868131868139,-0.5250305250305232
3.0699970722198486,0.0,-0.05660620509621872,-0.045459129093578104,0.8659340659340664,0.20757020757020683
3.0799970626831055,0.0,-0.10160757842915225,-0.047530874076699973,-0.3912087912087898,-0.06105006105006083
3.0899970531463623,0.0,-0.07660681546641535,0.16447939427905617,-0.7956043956043963,-0.5250305250305232
3.099997043609619,0.0,-0.08660712065151366,-0.24718948442884436,0.7164835164835175,0.3296703296703285
3.109997034072876,0.0,-0.0016045265782046458,0.23742561286641628,-0.25054945054944966,-0.13431013431013383
3.119997024536133,0.0,-0.10660773102171028,0.18751341522805282,-0.76923076923077,-0.5494505494505475
3.1299970149993896,0.0,-0.07660681546641535,-0.016889870826033326,0.8043956043956051,0.15873015873015817
3.1399970054626465,0.0,-0.04160574731858013,0.2482706357794316,-0.4175824175824161,-0.23199023199023117
3.1499969959259033,0.0,-0.1266083413919069,0.22123587228495462,-0.7604395604395613,-0.6715506715506692
3.15999698638916,0.0,-0.03660559472603986,-0.13648372469852493,0.6813186813186825,0.1831501831501825
3.169996976852417,0.0,-0.04160574731858013,0.07240653814420059,-0.549450549450551,-0.15873015873015817
3.179996967315674,0.0,-0.08160696805897338,0.1996442849210291,-0.8043956043956051,-0.6959706959706935
3.1899969577789307,0.0,-0.39161642879689673,-0.010149767089511583,0.6725274725274737,0.1098901098901095
3.1999969482421875,0.0,-0.006604679170762684,0.3698447961235969,-0.4879120879120862,-0.5982905982905962
3.2099969387054443,0.0,0.21340203490132914,0.21945313527701837,-0.8043956043956051,-0.8180708180708152
3.219996929168701,0.0,-0.07660681546641535,0.3020325945923399,0.5406593406593423,0.012210012210012167
3.229996919631958,0.0,0.7584186674890007,0.09623391991969277,-0.7164835164835175,-0.28083028083027983
3.239996910095215,0.0,-0.12160818879934887,-0.6794726906981376,-0.8571428571428577,-0.012210012210012167
3.2499969005584717,0.0,-0.06160635768877676,-0.42182739714965817,0.1538461538461533,0.13431013431013383
3.2599968910217285,0.0,-0.05660620509621872,0.1686585549796771,-0.6549450549450562,-0.3296703296703285
3.2699968814849854,0.0,-0.15660925694716632,-0.4095475926798456,-0.04835164835164818,0.06105006105006083
3.279996871948242,0.0,-0.09660742583661197,-0.11556800263077648,0.5230769230769248,0.1098901098901095
3.289996862411499,0.0,-0.5266205487956795,0.21128993538884652,-0.6637362637362649,-0.42735042735042583
3.299996852874756,0.0,-1.206641301382116,0.34853265466200317,0.36483516483516354,-0.012210012210012167
3.3099968433380127,0.0,-0.06160635768877676,1.2003284050842222,0.5406593406593423,-0.4029304029304015
3.3199968338012695,0.0,-0.006604679170762684,0.24597700431808175,-0.734065934065935,-0.7203907203907178
3.3299968242645264,0.0,0.3784070704554069,0.6420980028066785,-0.0219780219780219,-0.5494505494505475
3.339996814727783,0.0,0.15340020379075703,0.19550431817218805,-0.6725274725274737,-0.4029304029304015
3.34999680519104,0.0,0.05839730453236747,0.05122396640030605,-0.7868131868131876,-0.28083028083027983
3.359996795654297,0.0,0.13839974601311844,0.1442517607209533,-0.6109890109890124,-0.2564102564102555
3.3699967861175537,0.0,0.2084018823087711,0.007366261099208016,-0.6989010989011,-0.1831501831501825
3.3799967765808105,0.0,0.27340386601190125,0.18960222307045885,-0.6637362637362649,-0.37851037851037717
3.3899967670440674,0.0,0.16840066156839562,-0.12866932494595434,-0.6109890109890124,-0.08547008547008517
3.399996757507324,0.0,0.04839699934725139,0.1367787243614993,-0.549450549450551,-0.20757020757020683
3.409996747970581,0.0,-0.03160544213348182,-0.07258428331696835,-0.6989010989011,-0.13431013431013383
3.419996738433838,0.0,0.05339715193980943,-0.27465175394641245,-0.36483516483516354,-0.012210012210012167
3.4299967288970947,0.0,-0.07660681546641535,-0.026620932593821728,-0.5582417582417598,-0.1098901098901095
3.4399967193603516,0.0,-0.02160513694840127,-0.03318997180276684,-0.4791208791208774,-0.08547008547008517
3.4499967098236084,0.0,-0.10660773102171028,0.1507599376199066,-0.00439560439560438,-0.0366300366300365
3.4599967002868652,0.0,-0.14160879916952773,-0.1856639462934449,-0.4351648351648336,-0.0366300366300365
3.469996690750122,0.0,-0.03660559472603986,-0.7729598265836698,-0.347252747252746,0.08547008547008517
3.479996681213379,0.0,-0.051606052503678446,0.1435164578668584,-0.13626373626373578,-0.06105006105006083
3.4899966716766357,0.0,-1.2716432850852462,-0.43057313143647075,-0.17142857142857082,0.0366300366300365
3.4999966621398926,0.0,-0.08660712065151366,0.9737709672565215,0.45274725274725114,-0.20757020757020683
3.5099966526031494,0.0,-0.7466272628677714,0.4423642425330561,-0.2417582417582409,-0.35409035409035283
3.5199966430664062,0.0,-0.03160544213348182,0.6923266853644204,0.27692307692307594,-0.13431013431013383
3.529996633529663,0.0,0.008395778606893667,0.3379819719641543,-0.549450549450551,-0.6227106227106205
3.53999662399292,0.0,0.5934136319349407,0.2955092298857457,-0.6109890109890124,-0.5982905982905962
3.5499966144561768,0.0,0.05839730453236747,-0.16509991788112896,-0.40879120879120734,-0.0366300366300365
3.5599966049194336,0.0,0.21840218749388718,-0.23039409359739244,-0.7516483516483525,-0.08547008547008517
3.5699965953826904,0.0,-0.13160849398442942,0.0033756705690959343,-0.7516483516483525,-0.20757020757020683
3.5799965858459473,0.0,-0.1266083413919069,0.3985242487411833,-0.1538461538461533,-0.20757020757020683
3.589996576309204,0.0,-0.03660559472603986,0.2655193453953981,-0.3912087912087898,-0.23199023199023117
3.599996566772461,0.0,0.35840646008521027,0.2994977268585862,-0.5846153846153861,-0.5494505494505475
3.6099965572357178,0.0,-0.10160757842915225,0.02302051770707346,-0.4879120879120862,-0.1098901098901095
3.6199965476989746,0.0,0.29840462897463815,-0.28157189169559776,-0.5582417582417598,-0.0366300366300365
3.6299965381622314,0.0,0.3184052393448348,-0.9511350785634539,-0.734065934065935,0.0366300366300365
3.6399965286254883,0.0,0.24340295045662408,-0.3108581095728068,-0.40879120879120734,-0.012210012210012167
3.649996519088745,0.0,-0.09160727324405393,-0.43057313143647075,-0.17142857142857082,0.0366300366300365
3.659996509552002,0.0,-0.08160696805897338,-0.35709140447716503,0.3032967032967022,0.15873015873015817
3.669996500015259,0.0,-0.07660681546641535,-0.18644921864319133,-0.04835164835164818,0.012210012210012167
3.6799964904785156,0.0,-0.09660742583661197,-0.15543284031024862,0.27692307692307594,0.06105006105006083
3.6899964809417725,0.0,-0.051606052503678446,-0.1659077235034197,0.5846153846153861,0.15873015873015817
3.6999964714050293,0.0,-0.0666065102813348,-0.009425202700388945,0.16263736263736206,0.012210012210012167
3.709996461868286,0.0,-0.12160818879934887,0.34853265466200317,0.36483516483516354,-0.012210012210012167
3.719996452331543,0.0,-0.19661047768755957,-0.2673067109316991,0.6021978021978036,0.2564102564102555
3.7299964427948,0.0,-0.2466120036130156,0.5310253972517129,0.16263736263736206,-0.1098901098901095
3.7399964332580566,0.0,-0.511620091018041,-0.4011157980614337,-0.03956043956043942,0.06105006105006083
3.7499964237213135,0.0,-0.04660589991113817,-0.014462337808571882,0.7428571428571438,0.13431013431013383
3.7599964141845703,0.0,-0.07660681546641535,-0.27465175394641245,-0.36483516483516354,-0.012210012210012167
3.769996404647827,0.0,-0.48661932805530406,0.01344479287931528,0.36483516483516354,0.0366300366300365
3.779996395111084,0.0,-0.19661047768755957,0.2052742179240868,0.6109890109890124,0.0366300366300365
3.789996385574341,0.0,-0.20661078287264012,-0.17867762323775604,-0.03956043956043942,0.012210012210012167
3.7999963760375977,0.0,-0.23161154583537702,-0.2244152196597621,0.2857142857142847,0.08547008547008517
3.8099963665008545,0.0,-0.21661108805773843,0.4353853977005057,0.3032967032967022,-0.0366300366300365
3.8199963569641113,0.0,-0.37661597101925814,0.37646687674875845,0.13626373626373578,-0.06105006105006083
3.829996347427368,0.0,-0.10660773102171028,0.5655954891475174,0.4439560439560424,-0.0366300366300365
3.839996337890625,0.0,-0.15160910435462605,-0.39797227200161606,-0.13626373626373578,0.0366300366300365
3.849996328353882,0.0,-0.08660712065151366,-0.341779619948383,-0.22417582417582338,0.012210012210012167
3.8599963188171387,0.0,-0.2416118510204931,-0.43057313143647075,-0.17142857142857082,0.0366300366300365
3.8699963092803955,0.0,-0.2416118510204931,0.6365146065619158,0.2681318681318672,-0.1098901098901095
3.8799962997436523,0.0,-0.22161124065029647,0.39331934857376877,0.1538461538461533,-0.06105006105006083
3.889996290206909,0.0,-0.04660589991113817,0.40281354020951216,0.2681318681318672,-0.0366300366300365
3.899996280670166,0.0,-0.06160635768877676,-0.6178779881274041,-0.3736263736263723,0.0366300366300365
3.909996271133423,0.0,-0.051606052503678446,-0.1587102104991398,-0.22417582417582338,-0.012210012210012167
3.9199962615966797,0.0,-0.22661139324283675,-0.28743597263232723,-0.16263736263736206,0.012210012210012167
3.9299962520599365,0.0,-0.1716097147248049,-0.32434897573054705,0.29450549450549346,0.13431013431013383
3.9399962425231934,0.0,-0.19161032509500153,0.4550501763088783,-0.03076923076923066,-0.1831501831501825
3.94999623298645,0.0,-0.3416149028714407,0.3848933543441292,0.14505494505494454,-0.06105006105006083
3.959996223449707,0.0,-0.07660681546641535,0.7635845626042099,0.5406593406593423,-0.06105006105006083
3.969996213912964,0.0,-0.05660620509621872,0.1096222189385765,-0.4351648351648336,-0.13431013431013383
3.9799962043762207,0.0,-0.10660773102171028,-0.49575164875109123,-0.2417582417582409,0.0366300366300365
3.9899961948394775,0.0,-0.03160544213348182,0.04464811897705406,-0.2681318681318672,-0.06105006105006083
3.9999961853027344,0.0,-0.051606052503678446,-0.3470523810559256,-0.45274725274725114,-0.012210012210012167
4.009996175765991,0.0,-0.07660681546641535,0.2709689608129211,0.27692307692307594,-0.012210012210012167
4.019996166229248,0.0,-0.08160696805897338,0.15171183161044688,-0.22417582417582338,-0.08547008547008517
4.029996156692505,0.0,-0.04160574731858013,-0.17090554446658976,-0.03076923076923066,0.012210012210012167
4.039996147155762,0.0,-0.04660589991113817,-0.18644921864319133,-0.04835164835164818,0.012210012210012167
4.0499961376190186,0.0,-0.09160727324405393,-0.4193723157413261,-0.312087912087911,0.012210012210012167
4.059996128082275,0.0,-0.09660742583661197,-0.332937407484276,0.13626373626373578,0.08547008547008517
4.069996118545532,0.0,-0.11660803620679083,0.29690159145050543,0.1538461538461533,-0.0366300366300365
4.079996109008789,0.0,-0.15160910435462605,-0.22792033776031484,0.18021978021977958,0.06105006105006083
4.089996099472046,0.0,-0.3416149028714407,-0.18385424042123302,0.42637362637362486,0.1098901098901095
4.099996089935303,0.0,-0.8766312302739961,0.027040794694415265,-0.16263736263736206,-0.0366300366300365
4.10999608039856,0.0,-1.206641301382116,0.7243691107566731,0.3560439560439548,-0.1098901098901095
4.119996070861816,0.0,-0.06160635768877676,1.0379894187470746,0.514285714285716,-0.20757020757020683
4.129996061325073,0.0,-0.44661810731492857,0.48024039253585654,-0.16263736263736206,-0.3296703296703285
4.13999605178833,0.0,-0.08660712065151366,0.030523351009067022,-0.3912087912087898,-0.08547008547008517
4.149996042251587,0.0,-0.026605289540941546,0.22581181623461047,-0.5406593406593423,-0.30525030525030417
4.159996032714844,0.0,-0.006604679170762684,0.25476004498689797,-0.5934065934065949,-0.42735042735042583
4.169996023178101,0.0,-0.09660742583661197,0.3206455953190015,-0.33846153846153726,-0.2564102564102555
4.179996013641357,0.0,0.013395931199433941,0.20096122679065953,-0.6637362637362649,-0.4029304029304015
4.189996004104614,0.0,0.6734160734156739,0.26576579307097004,-0.7076923076923087,-0.7448107448107422
4.199995994567871,0.0,0.04339684675472888,0.3125275384841409,-0.5406593406593423,-0.5006105006104988
4.209995985031128,0.0,0.38840737564048744,0.08744961372870041,-0.6989010989011,-0.2564102564102555
4.219995975494385,0.0,0.19840157712369055,0.06882917162776397,-0.8131868131868139,-0.3296703296703285
4.229995965957642,0.0,0.3684067652702908,0.1353646926960561,-0.7076923076923087,-0.3296703296703285
4.239995956420898,0.0,0.14840005119821675,0.1047005669855646,-0.6373626373626387,-0.23199023199023117
4.249995946884155,0.0,0.018396083791974216,0.14091246132899868,-0.6989010989011,-0.3296703296703285
4.259995937347412,0.0,0.08839822008764464,0.019111647698524956,-0.6813186813186825,-0.1831501831501825
4.269995927810669,0.0,0.14840005119821675,0.1442517607209533,-0.6109890109890124,-0.2564102564102555
4.279995918273926,0.0,-0.03160544213348182,0.07602280565661787,-0.6813186813186825,-0.23199023199023117
4.289995908737183,0.0,0.21840218749388718,0.17835625047139386,-0.5582417582417598,-0.2564102564102555
4.2999958992004395,0.0,0.15340020379075703,0.15253986473471787,-0.6285714285714299,-0.28083028083027983
4.309995889663696,0.0,0.2034017297162486,0.1750757769011963,-0.5934065934065949,-0.28083028083027983
4.319995880126953,0.0,0.21340203490132914,0.24932458950708292,-0.6021978021978036,-0.42735042735042583
4.32999587059021,0.0,0.3684067652702908,0.0845470773582004,-0.6285714285714299,-0.20757020757020683
4.339995861053467,0.0,0.2034017297162486,0.08749246009100345,-0.6637362637362649,-0.23199023199023117
4.349995851516724,0.0,0.06839760971744802,0.04735712847094675,-0.7252747252747263,-0.23199023199023117
4.3599958419799805,0.0,0.19340142453113252,-0.02041744308626868,-0.549450549450551,-0.1098901098901095
4.369995832443237,0.0,-0.0016045265782046458,-0.011897119138222709,-0.6109890109890124,-0.13431013431013383
4.379995822906494,0.0,0.05839730453236747,0.23845512864464602,-0.6197802197802211,-0.42735042735042583
4.389995813369751,0.0,0.21340203490132914,0.1739441084005084,-0.3999999999999986,-0.15873015873015817
4.399995803833008,0.0,0.11839913564293958,-0.10673876982952432,-0.47032967032966866,-0.06105006105006083
4.409995794296265,0.0,0.04839699934725139,0.1353646926960561,-0.7076923076923087,-0.3296703296703285
4.4199957847595215,0.0,-0.08160696805897338,-0.026820814667373023,-0.47032967032966866,-0.08547008547008517
4.429995775222778,0.0,-0.04160574731858013,0.23133490330778042,-0.2593406593406584,-0.13431013431013383
4.439995765686035,0.0,0.19840157712369055,0.19004789291944754,-0.6813186813186825,-0.4029304029304015
4.449995756149292,0.0,0.013395931199433941,0.3576524632839576,-0.3560439560439548,-0.3296703296703285
4.459995746612549,0.0,0.27340386601190125,0.31539206520851265,-0.3999999999999986,-0.30525030525030417
4.469995737075806,0.0,0.22340234008642745,0.14947788883050328,-0.7076923076923087,-0.35409035409035283
4.4799957275390625,0.0,0.2834041711969818,0.21567287226502382,-0.6021978021978036,-0.35409035409035283
4.489995718002319,0.0,0.29840462897463815,0.22252090000198677,-0.6109890109890124,-0.37851037851037717
4.499995708465576,0.0,0.43340874897342097,-0.39790417281379953,-0.7076923076923087,-0.0366300366300365
4.509995698928833,0.0,0.03839669416217084,0.09312765328213615,-0.6901098901098912,-0.2564102564102555
4.51999568939209,0.0,-0.051606052503678446,0.04974773081389677,-0.6813186813186825,-0.20757020757020683
4.529995679855347,0.0,0.2034017297162486,0.2343418046178142,-0.18901098901098834,-0.1098901098901095
4.5399956703186035,0.0,0.3784070704554069,0.09034866022897607,-0.6197802197802211,-0.20757020757020683
4.54999566078186,0.0,0.24340295045662408,-0.8130539159673916,-0.5846153846153861,0.0366300366300365
4.559995651245117,0.0,0.33340569712247337,-0.7815817845210943,-0.3560439560439548,0.08547008547008517
4.569995641708374,0.0,-0.07660681546641535,-0.09685495804150158,-0.5670329670329686,-0.08547008547008517
4.579995632171631,0.0,-0.09160727324405393,-0.4519297637750559,0.2857142857142847,0.23199023199023117
4.589995622634888,0.0,-0.011604831763285195,-0.331158344422236,0.47032967032966866,0.23199023199023117
4.5999956130981445,0.0,-0.03660559472603986,0.13482688846514024,-0.3296703296703285,-0.1098901098901095
4.609995603561401,0.0,-0.986634587310042,-0.3286620123888465,0.6637362637362649,0.42735042735042583
4.619995594024658,0.0,-0.016604984355843233,1.0753037618046872,0.7076923076923087,-0.1098901098901095
4.629995584487915,0.0,-0.06160635768877676,0.39404855544265444,-0.38241758241758106,-0.45177045177045017
4.639995574951172,0.0,0.008395778606893667,-0.12923771077172105,0.8483516483516489,0.28083028083027983
4.649995565414429,0.0,-0.0016045265782046458,0.20141238155935626,-0.40879120879120734,-0.1831501831501825
4.6599955558776855,0.0,-0.12160818879934887,0.2738621856335258,-0.6725274725274737,-0.6715506715506692
4.669995546340942,0.0,-0.04160574731858013,-0.257018292203842,0.7956043956043963,0.45177045177045017
4.679995536804199,0.0,-0.026605289540941546,-0.25417928889531816,-0.5230769230769248,-0.0366300366300365
4.689995527267456,0.0,-0.006604679170762684,0.18339459934827973,-0.7868131868131876,-0.5738705738705718
4.699995517730713,0.0,-0.11660803620679083,-0.2463121156473848,0.8659340659340664,0.5494505494505475
4.70999550819397,0.0,0.05339715193980943,-0.7709699459363848,-0.17142857142857082,0.1831501831501825
4.719995498657227,0.0,-0.07660681546641535,0.21538656819928703,-0.7780219780219788,-0.6959706959706935
4.729995489120483,0.0,-0.04660589991113817,-0.17676024512409977,0.9098901098901102,0.42735042735042583
4.73999547958374,0.0,-0.011604831763285195,-0.36126169439299893,0.6109890109890124,0.42735042735042583
4.749995470046997,0.0,0.12339928823547985,0.20697210502144267,-0.8131868131868139,-0.7692307692307665
4.759995460510254,0.0,-0.02160513694840127,-0.18217878280332914,0.9010989010989015,0.42735042735042583
4.769995450973511,0.0,-0.016604984355843233,-0.3174471485505726,0.8483516483516489,0.8669108669108638
4.779995441436768,0.0,-0.016604984355843233,0.1894799081802217,-0.7868131868131876,-0.5982905982905962
4.789995431900024,0.0,-0.03660559472603986,0.05453139126682613,0.9098901098901102,0.15873015873015817
4.799995422363281,0.0,0.07839791490254633,-0.2168150226974522,0.9802197802197803,0.7203907203907178
4.809995412826538,0.0,0.15340020379075703,0.2107164100040126,-0.7780219780219788,-0.6715506715506692
4.819995403289795,0.0,0.04339684675472888,-0.003953044702192807,0.6813186813186825,0.1098901098901095
4.829995393753052,0.0,0.008395778606893667,-0.2020057497407857,0.989010989010989,0.6715506715506692
4.839995384216309,0.0,0.03839669416217084,-0.26215770710008857,-0.7956043956043963,-0.08547008547008517
4.849995374679565,0.0,-0.76162772064541,-0.3319950626960313,0.5582417582417598,0.30525030525030417
4.859995365142822,0.0,0.08339806749510437,-0.15106526609241527,0.9978021978021978,0.5006105006104988
4.869995355606079,0.0,-0.0016045265782046458,0.3777782060551215,-0.40879120879120734,-0.45177045177045017
4.879995346069336,0.0,-1.3266449636032602,-0.2840316175508948,0.7516483516483525,0.45177045177045017
4.889995336532593,0.0,0.028396388977090292,-0.158475938563447,0.9714285714285715,0.4761904761904745
4.89999532699585,0.0,0.13339959342057817,0.2919304805498705,-0.6637362637362649,-0.7448107448107422
4.9099953174591064,0.0,-0.31661413990868603,-0.2313641175035171,0.8659340659340664,0.5006105006104988
4.919995307922363,0.0,0.07339776231000605,-0.2331309893614351,0.9450549450549453,0.6959706959706935
4.92999529838562,0.0,0.37340691786284885,0.24760462307328862,-0.7868131868131876,-0.9645909645909612
4.939995288848877,0.0,-0.8516304673112592,-0.22204185649653443,0.9714285714285715,0.7203907203907178
4.949995279312134,0.0,0.06339745712490774,-0.21216500837490576,1.0153846153846153,0.8180708180708152
4.959995269775391,0.0,0.2084018823087711,0.215897716162291,-0.8571428571428577,-1.0622710622710656
4.9699952602386475,0.0,-3.106699286550138,-0.23260836882321712,0.9978021978021978,0.8913308913308882
4.979995250701904,0.0,0.0033956260143533923,1.125709038506548,1.0505494505494504,-0.0366300366300365
4.989995241165161,0.0,-0.08160696805897338,0.172726198373312,-0.9098901098901102,-0.9401709401709368
4.999995231628418,0.0,-1.15663977545666,-0.2744317661083645,0.9978021978021978,1.379731379731382
5.009995222091675,0.25,2.018457120810944,0.48348565439423885,-0.22417582417582338,-0.42735042735042583
5.019995212554932,0.25,-0.03160544213348182,-0.3510315372654119,-0.918681318681319,-0.08547008547008517
5.0299952030181885,0.25,-0.15660925694716632,-0.24398737622841693,1.068131868131868,1.5750915750915766
5.039995193481445,0.25,0.14339989860567648,0.429039165292023,-0.33846153846153726,-0.4761904761904745
5.049995183944702,0.25,-0.006604679170762684,0.33494270354400885,-0.1098901098901095,-0.13431013431013383
5.059995174407959,0.25,-1.0866376391609718,-0.04339381988167257,1.3670329670329657,1.1355311355311386
5.069995164871216,0.25,0.023396236384532254,0.3520858433875053,-0.36483516483516354,-0.3296703296703285
5.079995155334473,0.25,0.023396236384532254,0.4975039443845557,-0.0659340659340657,-0.2564102564102555
5.0899951457977295,0.25,-0.5766220747211711,-0.0006592202713827655,1.428571428571427,1.0622710622710656
5.099995136260986,0.25,0.04839699934725139,0.38699874273059465,-0.3296703296703285,-0.35409035409035283
5.109995126724243,0.25,0.05339715193980943,0.41216978594538634,-0.22417582417582338,-0.28083028083027983
5.1199951171875,0.25,-0.5466211591658762,0.007019951835908089,1.4373626373626358,1.0378510378510413
5.129995107650757,0.25,0.04839699934725139,0.23373734527790485,-0.312087912087911,-0.15873015873015817
5.139995098114014,0.25,-0.3566153606490793,0.31337468813177527,-0.2417582417582409,-0.1831501831501825
5.1499950885772705,0.25,-0.026605289540941546,0.07544065394136429,1.4549450549450533,0.6715506715506692
5.159995079040527,0.25,0.013395931199433941,0.3295070643537909,-0.17142857142857082,-0.15873015873015817
5.169995069503784,0.25,-0.43661780212983026,0.34148697982143494,-0.1538461538461533,-0.15873015873015817
5.179995059967041,0.25,-3.011696387291731,-0.013320898983493645,1.4109890109890095,1.08669108669109
5.189995050430298,0.25,-0.04160574731858013,0.6240282052557393,-0.12747252747252702,-0.8424908424908395
5.199995040893555,0.25,-0.04660589991113817,0.5033221210576964,-0.14505494505494454,-0.35409035409035283
5.2099950313568115,0.25,-1.0616368761982526,0.030268235242015107,1.4461538461538446,0.8913308913308882
5.219995021820068,0.25,-0.0016045265782046458,0.41704325674801407,-0.3912087912087898,-0.5494505494505475
5.229995012283325,0.25,0.018396083791974216,0.43985313391056535,-0.29450549450549346,-0.42735042735042583
5.239995002746582,0.25,-0.2466120036130156,0.0286709603957086,1.4373626373626358,0.8669108669108638
5.249994993209839,0.25,0.04839699934725139,0.41221684136826325,-0.40879120879120734,-0.5738705738705718
5.259994983673096,0.25,-0.016604984355843233,0.44295533699681267,-0.33846153846153726,-0.5250305250305232
5.2699949741363525,0.25,-1.3116445058256216,0.010333022656612179,1.428571428571427,0.9645909645909612
5.279994964599609,0.25,-0.016604984355843233,0.354369619391267,-0.3999999999999986,-0.37851037851037717
5.289994955062866,0.25,-0.016604984355843233,0.3758375196877274,-0.38241758241758106,-0.4029304029304015
5.299994945526123,0.25,-0.05660620509621872,0.014839707923752277,1.4197802197802183,0.8913308913308882
5.30999493598938,0.25,-0.016604984355843233,0.4546157978752254,-0.3560439560439548,-0.6227106227106205
5.319994926452637,0.25,-0.10160757842915225,0.4268538898434048,-0.36483516483516354,-0.5250305250305232
5.3299949169158936,0.25,-1.2516426747150495,0.013400254205335416,1.428571428571427,0.9401709401709368
5.33999490737915,0.25,-0.04660589991113817,0.38678372242864867,-0.36483516483516354,-0.4029304029304015
5.349994897842407,0.25,-0.13160849398442942,0.32982419745900615,-0.3999999999999986,-0.3296703296703285
5.359994888305664,0.25,-0.4216173443521739,0.03385368610597744,1.4109890109890095,0.7448107448107422
5.369994878768921,0.25,-0.0666065102813348,0.4161220085697878,-0.38241758241758106,-0.5250305250305232
5.379994869232178,0.25,-0.04660589991113817,0.4038846689733024,-0.32087912087911974,-0.37851037851037717
5.389994859695435,0.25,-0.9816344347175018,0.019756512781350877,1.4021978021978008,0.7936507936507908
5.399994850158691,0.25,-0.03160544213348182,0.366933723292088,-0.42637362637362486,-0.45177045177045017
5.409994840621948,0.25,-0.05660620509621872,0.39838106333459655,-0.3296703296703285,-0.37851037851037717
5.419994831085205,0.25,-0.2466120036130156,0.01321953773217227,1.4109890109890095,0.8669108669108638
5.429994821548462,0.25,-0.05660620509621872,0.41075679298157586,-0.3912087912087898,-0.5250305250305232
5.439994812011719,0.25,-0.03660559472603986,0.3687871531740553,-0.33846153846153726,-0.3296703296703285
5.449994802474976,0.25,-0.41161703916709336,0.016613370726649535,1.428571428571427,0.9157509157509125
5.459994792938232,0.25,-0.03160544213348182,0.41221684136826325,-0.40879120879120734,-0.5738705738705718
5.469994783401489,0.25,-0.1266083413919069,0.4708803140316377,-0.32087912087911974,-0.5982905982905962
5.479994773864746,0.25,-0.9066321458292911,0.0396355065783946,1.428571428571427,0.7692307692307665
5.489994764328003,0.25,-0.03160544213348182,0.43867604539944594,-0.4175824175824161,-0.7448107448107422
5.49999475479126,0.25,-0.08160696805897338,0.4748322178537594,-0.3736263736263723,-0.8180708180708152
5.509994745254517,0.25,-0.7416271102752133,0.08917874440401569,1.393406593406592,0.5006105006104988
5.519994735717773,0.25,-0.04160574731858013,0.4011054238538171,-0.45274725274725114,-0.6471306471306448
5.52999472618103,0.25,-0.04660589991113817,0.4151653649616853,-0.4439560439560424,-0.6959706959706935
5.539994716644287,0.25,-0.40161673398199504,-0.02329921557343151,1.3142857142857132,0.7448107448107422
5.549994707107544,0.25,-0.09160727324405393,0.44871995756449645,-0.4175824175824161,-0.8180708180708152
5.559994697570801,0.25,-0.12160818879934887,0.42126010706513783,-0.45274725274725114,-0.7692307692307665
5.569994688034058,0.25,-0.6816252791646412,0.10379438930344881,1.3846153846153832,0.45177045177045017
5.5799946784973145,0.25,-0.07160666287385731,0.27618548026190437,-0.4615384615384599,-0.30525030525030417
5.589994668960571,0.25,-0.10160757842915225,0.3958167236115299,-0.4615384615384599,-0.6471306471306448
5.599994659423828,0.25,-0.44661810731492857,0.07196996976522008,1.3142857142857132,0.42735042735042583
5.609994649887085,0.25,-0.0016045265782046458,0.5103495291691342,-0.3032967032967022,-0.7692307692307665
5.619994640350342,0.25,-0.16160940953972436,0.43305840177971094,-0.4439560439560424,-0.8180708180708152
5.629994630813599,0.25,-1.826660222858016,-0.04756509270334719,1.287912087912087,0.7936507936507908
5.6399946212768555,0.25,-0.051606052503678446,0.44949975513904883,-0.4351648351648336,-0.9157509157509125
5.649994611740112,0.25,-0.09660742583661197,0.4477556418929846,-0.47032967032966866,-1.1355311355311386
5.659994602203369,0.25,-1.3266449636032602,0.007882344919483975,1.3670329670329657,0.7448107448107422
5.669994592666626,0.25,-0.08660712065151366,0.43911892981076955,-0.45274725274725114,-0.9157509157509125
5.679994583129883,0.25,-0.11160788361425056,0.42328565400673335,-0.4879120879120862,-0.9645909645909612
5.68999457359314,0.25,-1.4116475576765692,0.02309681370510358,1.3846153846153832,0.7203907203907178
5.6999945640563965,0.25,-0.051606052503678446,0.435043369869223,-0.4791208791208774,-1.0378510378510413
5.709994554519653,0.25,-0.09160727324405393,0.42328565400673335,-0.4879120879120862,-0.9645909645909612
5.71999454498291,0.25,-1.5116506095275168,0.01789221472964808,1.3758241758241745,0.7203907203907178
5.729994535446167,0.25,-0.051606052503678446,0.369767995657541,-0.49670329670329494,-0.6227106227106205
5.739994525909424,0.25,-0.11660803620679083,0.4100337810105309,-0.4879120879120862,-0.8424908424908395
5.749994516372681,0.25,-1.5866528984157275,0.0394347945355108,1.3846153846153832,0.6471306471306448
5.7599945068359375,0.25,-0.09660742583661197,0.3962234969578919,-0.4351648351648336,-0.5738705738705718
5.769994497299194,0.25,-0.10160757842915225,0.4432739758011795,-0.4615384615384599,-1.013431013431017
5.779994487762451,0.25,-1.401647252491471,0.05378185157607174,1.3494505494505482,0.5250305250305232
5.789994478225708,0.25,-0.0666065102813348,0.42148770752373077,-0.3736263736263723,-0.5250305250305232
5.799994468688965,0.25,-0.12160818879934887,0.3845347792109739,-0.4879120879120862,-0.6715506715506692
5.809994459152222,0.25,-0.7516274154603294,-0.013345529803436063,1.323076923076922,0.7203907203907178
5.8199944496154785,0.25,-0.10160757842915225,0.17992125694245842,-0.3912087912087898,-0.15873015873015817
5.829994440078735,0.25,-0.1716097147248049,0.3716792140043442,-0.4439560439560424,-0.5006105006104988
5.839994430541992,0.25,-0.051606052503678446,0.05220147835135397,1.3846153846153832,0.5982905982905962
5.849994421005249,0.25,0.5234114956392703,0.5555332821142891,-0.18901098901098834,-0.6227106227106205
5.859994411468506,0.25,-0.1266083413919069,0.3903078205477582,-0.4351648351648336,-0.5494505494505475
5.869994401931763,0.25,-0.7666278732379502,-0.04305660885803386,1.3318681318681307,0.9401709401709368
5.8799943923950195,0.25,1.3234359104468512,0.5146124547097346,-0.3560439560439548,-1.1355311355311386
5.889994382858276,0.25,-0.13160849398442942,0.41168427443558453,-0.4351648351648336,-0.6471306471306448
5.899994373321533,0.25,0.023396236384532254,0.00969589875286947,1.4109890109890095,0.8913308913308882
5.90999436378479,0.25,1.8084507119239328,0.4837453134985755,-0.40879120879120734,-1.1355311355311386
5.919994354248047,0.25,-0.20661078287264012,0.30200801577733005,-0.4439560439560424,-0.3296703296703285
5.929994344711304,0.25,-0.06160635768877676,0.022752778081565395,1.4549450549450533,0.9890109890109855
5.9399943351745605,0.25,1.7334484230357399,0.46350578533635145,-0.47032967032966866,-1.4041514041514063
5.949994325637817,0.25,-0.7316268050901328,-1.0501851741051986,-0.33846153846153726,0.30525030525030417
5.959994316101074,0.25,-0.026605289540941546,0.08551429888354994,1.4901098901098884,0.7203907203907178
5.969994306564331,0.25,-0.07160666287385731,0.4352084191684918,-0.5054945054945073,-1.2576312576312603
5.979994297027588,0.25,-3.9767258376533716,-0.1798720162395703,0.9978021978021978,0.5982905982905962
5.989994287490845,0.25,-0.026605289540941546,1.8828111954983302,1.4549450549450533,-0.13431013431013383
5.999994277954102,0.25,-0.09660742583661197,0.4025882954824651,-0.5230769230769248,-0.9645909645909612
6.009994268417358,0.25,-1.3366452687883585,-0.11059453545587677,1.2615384615384606,1.2087912087912116
6.019994258880615,0.25,1.0284269074865486,0.5301245856109809,-0.29450549450549346,-0.8913308913308882
6.029994249343872,0.25,-0.05660620509621872,0.34755625764535947,-0.5054945054945073,-0.5494505494505475
6.039994239807129,0.25,-0.011604831763285195,-0.028070847309862146,1.4109890109890095,1.2576312576312603
6.049994230270386,0.25,2.843482298581244,0.47163303837830606,-0.4351648351648336,-1.1843711843711873
6.059994220733643,0.25,-1.1116384021237264,-1.203507519211015,-0.4351648351648336,0.4029304029304015
6.069994211196899,0.25,-0.006604679170762684,0.06625121451737792,1.5076923076923094,0.8913308913308882
6.079994201660156,0.25,-0.08160696805897338,0.44575792968190553,-0.49670329670329494,-1.3553113553113576
6.089994192123413,0.25,-4.566743843573959,-0.2218534114580915,1.0593406593406591,1.1355311355311386
6.09999418258667,0.25,-0.0016045265782046458,2.316840981602534,1.463736263736262,-0.7936507936507908
6.109994173049927,0.25,-0.14160879916952773,0.4077619100649352,-0.514285714285716,-0.9645909645909612
6.119994163513184,0.25,-0.6166232954615288,-0.06873104461829249,1.3494505494505482,1.3308913308913333
