pi_time,output_angle,output_velocity,output_acceleration,current,output_torque
1.17732834815979,-0.0001907377737087046,-0.012210012210012167,-0.0,-0.00439560439560438,-0.005775824175824155
1.5748498439788818,-0.0001907377737087046,-0.1098901098901095,0.24572280670967944,-0.01318681318681314,-0.017327472527472465
1.5847609043121338,-0.0001907377737087046,-0.012210012210012167,-9.855665730575486,0.0219780219780219,0.028879120879120777
1.594621181488037,-0.0001907377737087046,0.0366300366300365,-4.953212568851984,-0.0219780219780219,-0.028879120879120777
1.6045830249786377,-0.0001907377737087046,-0.06105006105006083,9.8054238427117,-0.01318681318681314,-0.017327472527472465
1.614609718322754,-0.0001907377737087046,0.06105006105006083,-12.177506373202442,-0.2681318681318672,-0.3523252747252735
1.6245763301849365,-0.0001907377737087046,0.06105006105006083,-0.0,0.21538461538461462,0.2830153846153836
1.634572982788086,-0.0001907377737087046,-0.0366300366300365,9.771280603401536,-0.09230769230769198,-0.12129230769230726
1.6445767879486084,-0.0001907377737087046,-0.012210012210012167,-2.4410735743226897,0.03956043956043942,0.051982417582417395
1.6545753479003906,-0.0001907377737087046,-0.012210012210012167,-0.0,0.04835164835164818,0.0635340659340657
1.6645736694335938,-0.0001907377737087046,0.0366300366300365,-4.884824785625989,0.09230769230769198,0.12129230769230726
1.6745715141296387,-0.0001907377737087046,0.0366300366300365,-0.0,0.05714285714285694,0.075085714285714
1.6845450401306152,-0.0001907377737087046,0.06105006105006083,-2.448484559786903,0.05714285714285694,0.075085714285714
1.6948027610778809,-0.0001907377737087046,-0.08547008547008517,14.283888913862832,0.12747252747252702,0.1674989010989005
1.7045104503631592,-0.0001907377737087046,-0.13431013431013383,5.031068404106675,0.18021978021977958,0.23680879120879034
1.7146823406219482,-0.0001907377737087046,0.06105006105006083,-19.205889012751875,0.07472527472527446,0.09818901098901064
1.724656343460083,-0.0001907377737087046,-0.06105006105006083,12.241837513147887,0.0219780219780219,0.028879120879120777
1.7345149517059326,-0.0001907377737087046,-0.08547008547008517,2.4770255406289174,0.09230769230769198,0.12129230769230726
1.7444989681243896,-0.0001907377737087046,-0.1098901098901095,2.4459118852088486,0.08351648351648322,0.10974065934065895
1.7544970512390137,-0.0001907377737087046,-0.06105006105006083,-4.884941271253403,-0.11868131868131826,-0.15594725274725219
1.7645022869110107,-0.0001907377737087046,0.012210012210012167,-7.322173676039967,-0.08351648351648322,-0.10974065934065895
1.7745277881622314,-0.0001907377737087046,0.012210012210012167,-0.0,-0.0219780219780219,-0.028879120879120777
1.784593105316162,-0.0001907377737087046,0.1098901098901095,-9.704621939503587,-0.05714285714285694,-0.075085714285714
1.7945055961608887,-0.0001907377737087046,0.0366300366300365,7.390682564821465,-0.03076923076923066,-0.04043076923076908
1.8044917583465576,-0.0001907377737087046,-0.13431013431013383,17.117704255342968,0.0659340659340657,0.08663736263736231
1.8144941329956055,-0.0001907377737087046,0.0366300366300365,-17.089958828571024,0.11868131868131826,0.15594725274725219
1.8244853019714355,-0.0001907377737087046,0.06105006105006083,-2.4441608863887208,-0.00439560439560438,-0.005775824175824155
1.8344833850860596,-0.0001907377737087046,0.012210012210012167,4.884941271253403,-0.04835164835164818,-0.0635340659340657
1.8444867134094238,-0.0001907377737087046,0.012210012210012167,-0.0,0.0219780219780219,0.028879120879120777
1.8544833660125732,-0.0001907377737087046,-0.08547008547008517,9.771280603401536,0.01318681318681314,0.017327472527472465
1.8644788265228271,-0.0001907377737087046,0.06105006105006083,-14.658668939748937,0.04835164835164818,0.0635340659340657
1.8744783401489258,-0.0001907377737087046,0.06105006105006083,-0.0,-0.08351648351648322,-0.10974065934065895
1.884476661682129,-0.0001907377737087046,-0.06105006105006083,12.212061964064972,0.11868131868131826,0.15594725274725219
1.8944785594940186,-0.0001907377737087046,0.1098901098901095,-17.090773586685422,-0.03076923076923066,-0.04043076923076908
1.9045319557189941,-0.0001907377737087046,-0.06105006105006083,17.00322628441768,0.12747252747252702,0.1674989010989005
1.91483473777771,-0.0001907377737087046,-0.012210012210012167,-4.740471899891502,0.0659340659340657,0.08663736263736231
1.9248285293579102,-0.0001907377737087046,-0.15873015873015817,14.6611168888526,0.11868131868131826,0.15594725274725219
1.9348347187042236,-0.0001907377737087046,-0.06105006105006083,-9.761967748100336,0.18901098901098834,0.24836043956043866
1.9448349475860596,-0.0001907377737087046,-0.1098901098901095,4.883893100562929,0.22417582417582338,0.2945670329670319
1.954819679260254,-0.0001907377737087046,0.06105006105006083,-17.120156707061778,-0.08351648351648322,-0.10974065934065895
1.9648253917694092,-0.0001907377737087046,0.012210012210012167,4.881216484619141,-0.03956043956043942,-0.051982417582417395
1.9748291969299316,-0.0001907377737087046,-0.1098901098901095,12.205367871613449,0.13626373626373578,0.1790505494505488
1.9849269390106201,-0.0001907377737087046,0.0366300366300365,-14.510189045168806,0.0219780219780219,0.028879120879120777
1.9948534965515137,-0.0001907377737087046,-0.012210012210012167,4.920139599135618,0.05714285714285694,0.075085714285714
2.0049686431884766,-0.0001907377737087046,0.06105006105006083,-7.242611094965757,0.07472527472527446,0.09818901098901064
2.014892816543579,-0.0001907377737087046,0.06105006105006083,-0.0,0.1098901098901095,0.14439560439560387
2.024880886077881,-0.0001907377737087046,-0.012210012210012167,7.334758033920159,0.04835164835164818,0.0635340659340657
2.034937858581543,-0.0001907377737087046,-0.012210012210012167,-0.0,-0.03956043956043942,-0.051982417582417395
2.0448803901672363,-0.0001907377737087046,0.06105006105006083,-7.368352076999118,-0.10109890109890074,-0.13284395604395557
2.054924726486206,-0.0001907377737087046,0.012210012210012167,4.8624465857250705,0.21538461538461462,0.2830153846153836
2.0649282932281494,-0.0001907377737087046,0.08547008547008517,-7.323395259903171,0.0659340659340657,0.08663736263736231
2.074979066848755,-0.0001907377737087046,-0.1098901098901095,19.43732917829125,0.10109890109890074,0.13284395604395557
2.084949254989624,0.0001907377737087046,0.15873015873015817,-26.942347007390673,-0.14505494505494454,-0.19060219780219712
2.094980478286743,-0.0001907377737087046,-0.0366300366300365,19.475211504493178,0.05714285714285694,0.075085714285714
2.1049158573150635,-0.0001907377737087046,0.012210012210012167,-4.91577107434276,-0.04835164835164818,-0.0635340659340657
2.1148757934570312,-0.0001907377737087046,-0.0366300366300365,4.903650800957785,0.12747252747252702,0.1674989010989005
2.124936819076538,-0.0001907377737087046,-0.012210012210012167,-2.4271903624494833,0.1978021978021971,0.259912087912087
2.1349549293518066,-0.0001907377737087046,-0.0366300366300365,2.437587903210589,0.1978021978021971,0.259912087912087
2.1448745727539062,-0.0001907377737087046,-0.0366300366300365,-0.0,-0.03956043956043942,-0.051982417582417395
2.1548688411712646,-0.0001907377737087046,-0.1098901098901095,7.330208695699259,0.13626373626373578,0.1790505494505488
2.1648707389831543,-0.0001907377737087046,-0.0366300366300365,-7.32461725143661,0.09230769230769198,0.12129230769230726
2.175123453140259,-0.0001907377737087046,0.0366300366300365,-7.1454321399673795,0.09230769230769198,0.12129230769230726
2.1850926876068115,-0.0001907377737087046,0.012210012210012167,2.449538578107948,-0.01318681318681314,-0.017327472527472465
2.1949713230133057,0.0001907377737087046,0.08547008547008517,-7.416011447483159,-0.1098901098901095,-0.14439560439560387
2.20489501953125,-0.0001907377737087046,0.0366300366300365,4.921558085914314,0.01318681318681314,0.017327472527472465
2.214883804321289,-0.0001907377737087046,0.012210012210012167,2.4447442740358447,0.13626373626373578,0.1790505494505488
2.2248761653900146,-0.0001907377737087046,-0.0366300366300365,4.887738593925496,-0.0219780219780219,-0.028879120879120777
2.234875440597534,-0.0001907377737087046,-0.012210012210012167,-2.4421794493325164,0.1538461538461533,0.2021538461538454
2.2448740005493164,-0.0001907377737087046,-0.012210012210012167,-0.0,0.18901098901098834,0.24836043956043866
2.2550182342529297,-0.0001907377737087046,0.0366300366300365,-4.814562663580227,0.16263736263736206,0.21370549450549373
2.2649431228637695,0.0001907377737087046,0.08547008547008517,-4.920966950370219,-0.11868131868131826,-0.15594725274725219
2.274888038635254,-0.0001907377737087046,-0.06105006105006083,14.733171188867338,0.0659340659340657,0.08663736263736231
2.2849316596984863,-0.0001907377737087046,0.0366300366300365,-9.725585729004012,0.08351648351648322,0.10974065934065895
2.294931173324585,0.0001907377737087046,0.15873015873015817,-12.210606102024956,-0.07472527472527446,-0.09818901098901064
2.3049356937408447,-0.0001907377737087046,0.06105006105006083,9.763596216100828,0.01318681318681314,0.017327472527472465
2.31508207321167,-0.0001907377737087046,-0.13431013431013383,19.254177898819137,0.03956043956043942,0.051982417582417395
2.324972152709961,-0.0001907377737087046,-0.012210012210012167,-12.345716950123636,-0.00439560439560438,-0.005775824175824155
2.3348922729492188,-0.0001907377737087046,0.012210012210012167,-2.461666172491005,-0.0219780219780219,-0.028879120879120777
2.3449387550354004,-0.0001907377737087046,-0.06105006105006083,7.292112067848906,0.10109890109890074,0.13284395604395557
2.355269432067871,-0.0001907377737087046,0.0366300366300365,-9.455343282253011,-0.04835164835164818,-0.0635340659340657
2.365280866622925,-0.0001907377737087046,0.0366300366300365,-0.0,-0.18021978021977958,-0.23680879120879034
2.3751282691955566,-0.0001907377737087046,-0.0366300366300365,7.439532680798422,0.13626373626373578,0.1790505494505488
2.3850252628326416,-0.0001907377737087046,-0.0366300366300365,-0.0,0.2593406593406584,0.3407736263736251
2.3949778079986572,-0.0001907377737087046,0.012210012210012167,-4.907292358423042,-0.00439560439560438,-0.005775824175824155
2.404972553253174,-0.0001907377737087046,0.0366300366300365,-2.4432863267814637,0.03956043956043942,0.051982417582417395
2.414973497390747,-0.0001907377737087046,-0.012210012210012167,4.883543810284681,-0.18021978021977958,-0.23680879120879034
2.4249866008758545,-0.0001907377737087046,-0.0366300366300365,2.4388067552027652,0.04835164835164818,0.0635340659340657
2.4348926544189453,-0.0001907377737087046,-0.012210012210012167,-2.4651617633398093,0.03076923076923066,0.04043076923076908
2.444891929626465,-0.0001907377737087046,0.0366300366300365,-4.884358898665033,-0.03076923076923066,-0.04043076923076908
2.454883337020874,-0.0001907377737087046,-0.0366300366300365,7.332307688811349,0.11868131868131826,0.15594725274725219
2.4648818969726562,-0.0001907377737087046,0.0366300366300365,-7.327062458330763,0.09230769230769198,0.12129230769230726
2.4748804569244385,-0.0001907377737087046,-0.0366300366300365,7.327062458330763,-0.05714285714285694,-0.075085714285714
2.484877109527588,-0.0001907377737087046,-0.0366300366300365,-0.0,-0.0219780219780219,-0.028879120879120777
2.4948740005493164,-0.0001907377737087046,-0.1098901098901095,7.3282856741001,0.12747252747252702,0.1674989010989005
2.50490140914917,-0.0001907377737087046,0.06105006105006083,-17.047292851182657,-0.03076923076923066,-0.04043076923076908
2.5148727893829346,-0.0001907377737087046,-0.08547008547008517,14.694068733233733,0.1098901098901095,0.14439560439560387
2.5248754024505615,-0.0001907377737087046,-0.1098901098901095,2.441364496949176,0.13626373626373578,0.1790505494505488
2.534868001937866,-0.0001907377737087046,-0.012210012210012167,-9.77524394970469,-0.01318681318681314,-0.017327472527472465
2.5448734760284424,-0.0001907377737087046,-0.06105006105006083,4.881332798217878,0.12747252747252702,0.1674989010989005
2.5548722743988037,-0.0001907377737087046,-0.0366300366300365,-2.4422959155182826,0.12747252747252702,0.1674989010989005
2.5648672580718994,-0.0001907377737087046,-0.0366300366300365,-0.0,-0.03076923076923066,-0.04043076923076908
2.5748696327209473,0.0001907377737087046,0.1098901098901095,-14.648536138775164,-0.18901098901098834,-0.24836043956043866
2.584993600845337,-0.0001907377737087046,0.0366300366300365,7.236300268822674,0.09230769230769198,0.12129230769230726
2.5949039459228516,0.0001907377737087046,0.0366300366300365,-0.0,0.16263736263736206,0.21370549450549373
2.604968547821045,0.0005722133211261138,-0.012210012210012167,4.852655806367828,0.27692307692307594,0.36387692307692177
2.615154504776001,0.0005722133211261138,0.08547008547008517,-9.58968294408218,0.16263736263736206,0.21370549450549373
2.6249966621398926,0.0005722133211261138,-0.012210012210012167,9.924663269301202,0.27692307692307594,0.36387692307692177
2.634904384613037,0.0005722133211261138,0.012210012210012167,-2.4647465132593545,0.3296703296703285,0.4331868131868116
2.64494252204895,0.0005722133211261138,-0.1098901098901095,12.16362326972018,0.4351648351648336,0.5718065934065913
2.6548914909362793,0.0005722133211261138,0.0366300366300365,-14.727169034245595,0.25054945054944966,0.32922197802197684
2.66493558883667,0.0005722133211261138,-0.1098901098901095,14.58768601951278,0.33846153846153726,0.4447384615384599
2.674929141998291,0.0005722133211261138,-0.0366300366300365,-7.330733331305879,0.2593406593406584,0.3407736263736251
2.684924364089966,0.0005722133211261138,0.06105006105006083,-9.772679064475895,0.08351648351648322,0.10974065934065895
2.694924831390381,0.0005722133211261138,-0.08547008547008517,14.651329994755857,0.23296703296703214,0.30611868131868025
2.704956531524658,0.0005722133211261138,0.08547008547008517,-17.04000006500238,0.2593406593406584,0.3407736263736251
2.7149293422698975,0.0005722133211261138,0.012210012210012167,7.345980499534228,0.22417582417582338,0.2945670329670319
2.724924087524414,0.0005722133211261138,-0.08547008547008517,9.773145307125855,0.38241758241758106,0.5024967032967015
2.734924554824829,0.000953688868543523,-0.0366300366300365,-4.883776664918619,0.3912087912087898,0.5140483516483498
2.744929790496826,0.000953688868543523,0.08547008547008517,-12.203622793399946,0.1978021978021971,0.259912087912087
2.7549238204956055,0.0005722133211261138,-0.1098901098901095,19.54768950904256,0.32087912087911974,0.42163516483516333
2.7648730278015137,0.000953688868543523,0.1098901098901095,-22.090224177930786,0.3999999999999986,0.5255999999999981
2.7749242782592773,0.0005722133211261138,-0.0366300366300365,14.57730529508123,0.13626373626373578,0.1790505494505488
2.7850537300109863,0.0005722133211261138,-0.0366300366300365,-0.0,0.514285714285716,0.6757714285714308
2.7949013710021973,0.000953688868543523,-0.0366300366300365,-0.0,0.3296703296703285,0.4331868131868116
2.8049159049987793,0.000953688868543523,0.08547008547008517,-12.192291937078105,0.25054945054944966,0.32922197802197684
2.8148813247680664,0.0005722133211261138,-0.06105006105006083,14.702857472367922,0.40879120879120734,0.5371516483516464
2.824876546859741,0.000953688868543523,-0.13431013431013383,7.329509298356921,0.27692307692307594,0.36387692307692177
2.8348755836486816,0.000953688868543523,0.06105006105006083,-19.537901448295045,0.40879120879120734,0.5371516483516464
2.844871997833252,0.000953688868543523,-0.08547008547008517,14.657270478678555,0.2857142857142847,0.3754285714285701
2.8548638820648193,0.000953688868543523,-0.012210012210012167,-7.331957773151763,0.32087912087911974,0.42163516483516333
2.864863634109497,0.000953688868543523,-0.06105006105006083,4.884125988508213,0.4439560439560424,0.5833582417582397
2.874868154525757,0.000953688868543523,0.012210012210012167,-7.322697162075621,0.33846153846153726,0.4447384615384599
2.8848648071289062,0.000953688868543523,-0.06105006105006083,7.328460452551151,0.16263736263736206,0.21370549450549373
2.894865036010742,0.000953688868543523,-0.06105006105006083,-0.0,0.3999999999999986,0.5255999999999981
2.90486216545105,0.000953688868543523,-0.012210012210012167,-4.885407269323686,0.22417582417582338,0.2945670329670319
2.9148924350738525,0.000953688868543523,0.13431013431013383,-14.607797400286058,0.3912087912087898,0.5140483516483498
2.9248690605163574,0.000953688868543523,-0.08547008547008517,22.02951499450476,0.33846153846153726,0.4447384615384599
2.9348626136779785,0.000953688868543523,-0.08547008547008517,-0.0,0.3999999999999986,0.5255999999999981
2.9449269771575928,0.000953688868543523,0.0366300366300365,-12.131926906996155,0.514285714285716,0.6757714285714308
2.9549763202667236,0.000953688868543523,-0.0366300366300365,7.290036021708594,0.3736263736263723,0.4909450549450532
2.964937210083008,0.000953688868543523,-0.08547008547008517,4.903181316211769,0.5054945054945073,0.6642197802197826
2.9749338626861572,0.000953688868543523,0.0366300366300365,-12.214100754251918,0.21538461538461462,0.2830153846153836
2.9849977493286133,0.000953688868543523,-0.1098901098901095,14.559002075999963,0.42637362637362486,0.560254945054943
2.994905948638916,0.000953688868543523,0.08547008547008517,-19.71702316858477,0.33846153846153726,0.4447384615384599
3.005096197128296,0.000953688868543523,0.06105006105006083,2.396411083152143,0.36483516483516354,0.47939340659340485
3.0153567790985107,0.000953688868543523,-0.0366300366300365,9.519937364532554,0.5758241758241773,0.756632967032969
3.025205135345459,0.000953688868543523,-0.1831501831501825,14.877624534099171,0.21538461538461462,0.2830153846153836
3.0351850986480713,0.000953688868543523,-0.012210012210012167,-17.12833662378557,0.40879120879120734,0.5371516483516464
3.045114040374756,0.000953688868543523,-0.28083028083027983,27.054269832034173,0.4175824175824161,0.5487032967032948
3.0551137924194336,0.000953688868543523,0.06105006105006083,-34.188881919557495,0.21538461538461462,0.2830153846153836
3.065171003341675,0.000953688868543523,0.06105006105006083,-0.0,0.21538461538461462,0.2830153846153836
3.0751633644104004,0.000953688868543523,-0.012210012210012167,7.331607890888245,0.3736263736263723,0.4909450549450532
3.0851800441741943,0.000953688868543523,-0.08547008547008517,7.313808066908272,0.18021978021977958,0.23680879120879034
3.0951974391937256,0.000953688868543523,-0.06105006105006083,-2.437761950328583,0.42637362637362486,0.560254945054943
3.1051950454711914,0.000953688868543523,-0.1098901098901095,4.885174259175625,0.45274725274725114,0.5949098901098879
3.1152496337890625,0.000953688868543523,0.0366300366300365,-14.57246601133535,0.25054945054944966,0.32922197802197684
3.1246025562286377,0.000953688868543523,-0.0366300366300365,7.832853713197308,0.40879120879120734,0.5371516483516464
3.134526252746582,0.000953688868543523,0.0366300366300365,-7.3823371288714705,0.4175824175824161,0.5487032967032948
3.144512891769409,0.000953688868543523,0.012210012210012167,2.445269561081141,0.25054945054944966,0.32922197802197684
3.1545090675354004,0.000953688868543523,0.06105006105006083,-4.88587335631005,0.38241758241758106,0.5024967032967015
3.1645073890686035,0.000953688868543523,-0.0366300366300365,9.769649571251978,0.33846153846153726,0.4447384615384599
3.174663782119751,0.000953688868543523,-0.0366300366300365,-0.0,0.312087912087911,0.410083516483515
3.1845905780792236,0.000953688868543523,0.06105006105006083,-9.840042857623763,0.3560439560439548,0.46784175824175656
3.194514036178589,0.000953688868543523,0.012210012210012167,4.921676330066107,0.3999999999999986,0.5255999999999981
3.204509973526001,0.000953688868543523,-0.0366300366300365,4.885989891952762,0.40879120879120734,0.5371516483516464
3.2145049571990967,0.000953688868543523,0.08547008547008517,-12.21614022530005,0.312087912087911,0.410083516483515
3.224546432495117,0.000953688868543523,0.012210012210012167,7.295747995227989,0.312087912087911,0.410083516483515
3.2345080375671387,0.000953688868543523,-0.012210012210012167,2.4514146308220224,0.4175824175824161,0.5487032967032948
3.2445030212402344,0.000953688868543523,0.13431013431013383,-14.65936827036006,0.3296703296703285,0.4331868131868116
3.2544972896575928,0.000953688868543523,-0.06105006105006083,19.547223188531355,0.29450549450549346,0.38698021978021835
3.2646493911743164,0.000953688868543523,-0.08547008547008517,2.405415704304872,0.3736263736263723,0.4909450549450532
3.274580955505371,0.000953688868543523,-0.0366300366300365,-4.917659213799008,0.3032967032967022,0.3985318681318667
3.28450870513916,0.000953688868543523,-0.0366300366300365,-0.0,0.42637362637362486,0.560254945054943
3.2945027351379395,0.000953688868543523,0.012210012210012167,-4.88692237726064,0.3032967032967022,0.3985318681318667
3.3044984340667725,0.000953688868543523,-0.1098901098901095,12.21526608288679,0.32087912087911974,0.42163516483516333
3.3144946098327637,0.000953688868543523,-0.08547008547008517,-2.442936678155025,0.3296703296703285,0.4331868131868116
3.3244943618774414,0.000953688868543523,0.012210012210012167,-9.768251977016426,0.2681318681318672,0.3523252747252735
3.334496259689331,0.000953688868543523,-0.0366300366300365,4.883078167624407,0.3560439560439548,0.46784175824175656
3.3444948196411133,0.000953688868543523,-0.012210012210012167,-2.4423541527769213,0.5318681318681335,0.6988747252747274
3.354492425918579,0.000953688868543523,-0.0366300366300365,2.4425871295878125,0.21538461538461462,0.2830153846153836
3.364490509033203,0.000953688868543523,-0.06105006105006083,2.4424706356267016,0.25054945054944966,0.32922197802197684
3.3744897842407227,0.000953688868543523,-0.08547008547008517,2.4421794493325164,0.2593406593406584,0.3407736263736251
3.3845672607421875,0.000953688868543523,-0.1831501831501825,9.692912473266372,0.4879120879120862,0.6411164835164812
3.3945224285125732,0.000953688868543523,-0.012210012210012167,-17.170998508802302,0.4439560439560424,0.5833582417582397
3.4045162200927734,0.000953688868543523,-0.012210012210012167,-0.0,0.3296703296703285,0.4331868131868116
3.4145166873931885,0.000953688868543523,-0.08547008547008517,7.325664997377928,0.3032967032967022,0.3985318681318667
3.424516201019287,0.000953688868543523,-0.0366300366300365,-4.884242440809983,0.549450549450551,0.7219780219780241
3.434495687484741,0.000953688868543523,0.0366300366300365,-7.341066448025831,0.3560439560439548,0.46784175824175656
3.444516181945801,0.000953688868543523,-0.06105006105006083,9.748031702396512,0.5054945054945073,0.6642197802197826
3.4545164108276367,0.000953688868543523,-0.08547008547008517,2.4419465502814646,0.4175824175824161,0.5487032967032948
3.4645111560821533,0.000953688868543523,0.012210012210012167,-9.773145307125855,0.4351648351648336,0.5718065934065913
3.474510431289673,0.000953688868543523,-0.06105006105006083,7.326538347997549,0.5054945054945073,0.6642197802197826
3.4845101833343506,0.000953688868543523,-0.012210012210012167,-4.884125988508213,0.47032967032966866,0.6180131868131845
3.4945099353790283,0.000953688868543523,-0.0366300366300365,2.4420629942541066,0.4175824175824161,0.5487032967032948
3.5044875144958496,0.000953688868543523,0.06105006105006083,-9.789959722335611,0.2593406593406584,0.3407736263736251
3.5145063400268555,0.000953688868543523,0.08547008547008517,-2.4374138809434522,0.20659340659340586,0.27146373626373527
3.524505376815796,0.000953688868543523,-0.06105006105006083,14.653426086221284,0.3999999999999986,0.5255999999999981
3.5345070362091064,0.000953688868543523,0.0366300366300365,-9.766389139929034,0.3032967032967022,0.3985318681318667
3.5445029735565186,0.000953688868543523,-0.012210012210012167,4.885989891952762,0.33846153846153726,0.4447384615384599
3.554502248764038,0.000953688868543523,-0.13431013431013383,12.210897246662583,0.3736263736263723,0.4909450549450532
3.5645036697387695,0.000953688868543523,-0.1098901098901095,-2.441655488927167,0.32087912087911974,0.42163516483516333
3.5745022296905518,0.000953688868543523,0.0366300366300365,-14.654124916661527,0.2417582417582409,0.3176703296703285
3.5845577716827393,0.000953688868543523,0.0366300366300365,-0.0,0.27692307692307594,0.36387692307692177
3.5945122241973877,0.000953688868543523,-0.0366300366300365,7.359528125958451,0.4615384615384599,0.6064615384615363
3.6045033931732178,0.000953688868543523,0.06105006105006083,-9.776643545554883,0.4879120879120862,0.6411164835164812
3.6145036220550537,0.000953688868543523,-0.15873015873015817,21.977518952533178,0.45274725274725114,0.5949098901098879
3.624502182006836,0.000953688868543523,-0.012210012210012167,-14.654124916661527,0.18901098901098834,0.24836043956043866
3.6345021724700928,0.000953688868543523,0.012210012210012167,-2.442004770879664,0.347252747252746,0.4562901098901082
3.644550323486328,0.000953688868543523,-0.0366300366300365,4.860600598173247,0.27692307692307594,0.36387692307692177
3.6545329093933105,0.000953688868543523,0.0366300366300365,-7.33878715822826,0.12747252747252702,0.1674989010989005
3.6645095348358154,0.000953688868543523,0.06105006105006083,-2.447723888278307,0.2417582417582409,0.3176703296703285
3.67449951171875,0.000953688868543523,-0.08547008547008517,14.666715272428688,0.4439560439560424,0.5833582417582397
3.684497356414795,0.000953688868543523,-0.06105006105006083,-2.4425288812182417,0.36483516483516354,0.47939340659340485
3.6945741176605225,0.000953688868543523,0.012210012210012167,-7.2702003623569675,0.312087912087911,0.410083516483515
3.704650640487671,0.000953688868543523,0.1098901098901095,-9.69382984147319,-0.07472527472527446,-0.09818901098901064
3.714531660079956,0.000953688868543523,-0.08547008547008517,19.771258779076486,0.23296703296703214,0.30611868131868025
3.724503755569458,0.000953688868543523,0.06105006105006083,-14.693014790561719,0.3560439560439548,0.46784175824175656
3.7344987392425537,0.000953688868543523,-0.012210012210012167,7.32968413518003,0.3032967032967022,0.3985318681318667
3.7445247173309326,0.000953688868543523,0.06105006105006083,-7.307025071697356,0.18021978021977958,0.23680879120879034
3.7544972896575928,0.000953688868543523,-0.1831501831501825,24.487187076839852,0.5582417582417598,0.7335296703296723
3.7644906044006348,0.000953688868543523,-0.012210012210012167,-17.105452528570684,0.29450549450549346,0.38698021978021835
3.774491786956787,0.000953688868543523,-0.0366300366300365,2.4417136956471284,0.4351648351648336,0.5718065934065913
3.7845685482025146,0.000953688868543523,-0.06105006105006083,2.4234001207856557,0.2417582417582409,0.3176703296703285
3.7946677207946777,0.000953688868543523,0.012210012210012167,-7.254066864539229,0.33846153846153726,0.4447384615384599
3.804521322250366,0.000953688868543523,-0.08547008547008517,9.913136645455321,0.2681318681318672,0.3523252747252735
3.814520835876465,0.000953688868543523,-0.1098901098901095,2.4421212204049914,0.2681318681318672,0.3523252747252735
3.8245737552642822,0.000953688868543523,0.012210012210012167,-12.145737709593945,0.3736263736263723,0.4909450549450532
3.8350465297698975,0.000953688868543523,-0.1098901098901095,11.658813243296196,0.27692307692307594,0.36387692307692177
3.8450682163238525,0.000953688868543523,-0.012210012210012167,-9.746872161108222,0.4615384615384599,0.6064615384615363
3.8550310134887695,0.000953688868543523,-0.1098901098901095,9.804485232728432,0.47032967032966866,0.6180131868131845
3.8650307655334473,0.000953688868543523,-0.13431013431013383,2.4420629942541066,0.347252747252746,0.4562901098901082
3.875027656555176,0.000953688868543523,-0.06105006105006083,-7.3282856741001,0.18901098901098834,0.24836043956043866
3.885030746459961,0.000953688868543523,0.1098901098901095,-17.08873683704453,0.47032967032966866,0.6180131868131845
3.8950748443603516,0.000953688868543523,-0.15873015873015817,26.744091035773433,0.3296703296703285,0.4331868131868116
3.905035972595215,0.000953688868543523,-0.08547008547008517,-7.354595938607401,0.2593406593406584,0.3407736263736251
3.915025234222412,0.000953688868543523,-0.012210012210012167,-7.333882722684072,0.25054945054944966,0.32922197802197684
3.925159454345703,0.000953688868543523,0.012210012210012167,-2.409659956359237,0.32087912087911974,0.42163516483516333
3.934960126876831,0.000953688868543523,-0.1098901098901095,12.458341171212414,0.20659340659340586,0.27146373626373527
3.9448885917663574,0.000953688868543523,0.0366300366300365,-14.757583186370685,0.2593406593406584,0.3407736263736251
3.9548892974853516,0.000953688868543523,0.08547008547008517,-4.883660234826002,0.1538461538461533,0.2021538461538454
3.964887857437134,0.000953688868543523,0.08547008547008517,-0.0,0.23296703296703214,0.30611868131868025
3.974886894226074,0.000953688868543523,0.08547008547008517,-0.0,0.29450549450549346,0.38698021978021835
3.9849603176116943,0.000953688868543523,0.012210012210012167,7.272609365814234,0.2681318681318672,0.3523252747252735
3.994903564453125,0.000953688868543523,-0.1098901098901095,12.279703405467659,0.29450549450549346,0.38698021978021835
4.004892349243164,0.000953688868543523,0.08547008547008517,-19.557954192286758,0.25054945054944966,0.32922197802197684
4.014979124069214,0.000953688868543523,-0.06105006105006083,14.52596583615086,0.312087912087911,0.410083516483515
4.024909734725952,0.000953688868543523,-0.012210012210012167,-4.918131475319588,0.2417582417582409,0.3176703296703285
4.034950256347656,0.000953688868543523,-0.0366300366300365,2.432146987984844,0.25054945054944966,0.32922197802197684
4.045175075531006,0.000953688868543523,0.0366300366300365,-7.1649260438142335,0.29450549450549346,0.38698021978021835
4.05499529838562,0.000953688868543523,0.012210012210012167,2.4867077643304216,0.6373626373626387,0.8374945054945072
4.064914703369141,0.000953688868543523,0.012210012210012167,-0.0,0.33846153846153726,0.4447384615384599
4.074899196624756,0.000953688868543523,-0.012210012210012167,2.4457950739052903,0.4175824175824161,0.5487032967032948
4.084897994995117,0.000953688868543523,0.06105006105006083,-7.326887746554848,0.27692307692307594,0.36387692307692177
4.094927549362183,0.000953688868543523,-0.1098901098901095,17.043645677967056,0.42637362637362486,0.560254945054943
4.104897975921631,0.000953688868543523,0.0366300366300365,-14.695474225352937,0.312087912087911,0.410083516483515
4.114889144897461,0.000953688868543523,-0.13431013431013383,17.109126204721047,0.3560439560439548,0.46784175824175656
4.124890565872192,0.000953688868543523,-0.0366300366300365,-9.766621955708668,0.2857142857142847,0.3754285714285701
4.134994983673096,0.000953688868543523,-0.06105006105006083,2.4167670915034036,0.3912087912087898,0.5140483516483498
4.14492392539978,0.000953688868543523,0.0366300366300365,-9.83791630255788,0.40879120879120734,0.5371516483516464
4.154899835586548,0.000953688868543523,-0.012210012210012167,4.895798771808505,0.3032967032967022,0.3985318681318667
4.164893627166748,0.000953688868543523,-0.15873015873015817,14.6611168888526,0.5670329670329686,0.7450813186813208
4.175079107284546,0.000953688868543523,-0.012210012210012167,-14.38519783315078,0.4175824175824161,0.5487032967032948
4.184988737106323,0.000953688868543523,-0.012210012210012167,-0.0,0.36483516483516354,0.47939340659340485
4.19491171836853,0.000953688868543523,-0.012210012210012167,-0.0,0.5846153846153861,0.7681846153846172
4.204894065856934,0.000953688868543523,0.06105006105006083,-7.338962437961672,0.3999999999999986,0.5255999999999981
4.214890241622925,0.000953688868543523,0.06105006105006083,-0.0,0.45274725274725114,0.5949098901098879
4.224896430969238,0.000953688868543523,-0.0366300366300365,9.761967748100336,0.3560439560439548,0.46784175824175656
4.234893560409546,0.000953688868543523,-0.06105006105006083,2.442703634661843,0.25054945054944966,0.32922197802197684
4.244889736175537,0.000953688868543523,0.06105006105006083,-12.214683390775125,0.25054945054944966,0.32922197802197684
4.25489616394043,0.000953688868543523,-0.1098901098901095,17.08303651977699,0.3032967032967022,0.3985318681318667
4.264886856079102,0.000953688868543523,0.012210012210012167,-12.221387708214698,0.47032967032966866,0.6180131868131845
4.274888038635254,0.000953688868543523,-0.012210012210012167,2.4417136956471284,0.25054945054944966,0.32922197802197684
4.284883499145508,0.000953688868543523,-0.08547008547008517,7.3293344698744685,0.3296703296703285,0.4331868131868116
4.294886112213135,0.000953688868543523,0.0366300366300365,-12.206822484745881,0.22417582417582338,0.2945670329670319
4.304873943328857,0.000953688868543523,-0.0366300366300365,7.334933121240743,0.18021978021977958,0.23680879120879034
4.314885854721069,0.000953688868543523,-0.06105006105006083,2.4390971377373787,0.3999999999999986,0.5255999999999981
4.3248889446258545,0.000953688868543523,0.0366300366300365,-9.764992478311159,0.312087912087911,0.410083516483515
4.334882736206055,0.000953688868543523,0.0366300366300365,-0.0,0.27692307692307594,0.36387692307692177
4.344883680343628,0.000953688868543523,0.012210012210012167,2.4417719051423403,0.3560439560439548,0.46784175824175656
4.3549628257751465,0.000953688868543523,0.0366300366300365,-2.422826874157439,0.27692307692307594,0.36387692307692177
4.365022420883179,0.000953688868543523,0.08547008547008517,-4.855071035717097,0.32087912087911974,0.42163516483516333
4.374917507171631,0.000953688868543523,-0.012210012210012167,9.871576137147265,0.347252747252746,0.4562901098901082
4.3849687576293945,0.000953688868543523,0.08547008547008517,-9.718203530054152,0.20659340659340586,0.27146373626373527
4.39490270614624,0.000953688868543523,-0.1098901098901095,19.66591582681433,0.33846153846153726,0.4447384615384599
4.404965400695801,0.000953688868543523,-0.08547008547008517,-2.426787805170017,0.42637362637362486,0.560254945054943
4.415101528167725,0.000953688868543523,-0.0366300366300365,-4.818413045350037,0.3736263736263723,0.4909450549450532
4.424924373626709,0.000953688868543523,0.1098901098901095,-14.916263025000836,0.1978021978021971,0.259912087912087
4.434904336929321,0.000953688868543523,-0.012210012210012167,12.234526159846835,0.38241758241758106,0.5024967032967015
4.444895267486572,0.000953688868543523,-0.06105006105006083,4.888438425247858,0.3999999999999986,0.5255999999999981
4.45489764213562,0.000953688868543523,-0.0366300366300365,-2.4414226897958606,0.5582417582417598,0.7335296703296723
4.464895248413086,0.000953688868543523,0.08547008547008517,-12.212935647939062,0.3560439560439548,0.46784175824175656
4.4748923778533936,0.000953688868543523,-0.0366300366300365,12.213518173309215,0.36483516483516354,0.47939340659340485
4.4848902225494385,0.000953688868543523,-0.0366300366300365,-0.0,0.312087912087911,0.410083516483515
4.494886875152588,0.000953688868543523,-0.0366300366300365,-0.0,0.33846153846153726,0.4447384615384599
4.505185604095459,0.000953688868543523,0.06105006105006083,-9.484675072229441,0.2681318681318672,0.3523252747252735
4.515081405639648,0.000953688868543523,0.012210012210012167,4.935431316195525,0.3032967032967022,0.3985318681318667
4.5249292850494385,0.000953688868543523,-0.13431013431013383,14.878344912965366,0.1978021978021971,0.259912087912087
4.534906387329102,0.000953688868543523,0.012210012210012167,-14.6856414230419,0.2681318681318672,0.3523252747252735
4.54495096206665,0.000953688868543523,-0.012210012210012167,2.431165585212574,0.4175824175824161,0.5487032967032948
4.554910898208618,0.000953688868543523,0.0366300366300365,-4.903650800957785,0.29450549450549346,0.38698021978021835
4.56492280960083,0.000953688868543523,0.012210012210012167,2.4390971377373787,0.3296703296703285,0.4331868131868116
4.574911117553711,0.000953688868543523,-0.0366300366300365,4.889721969972108,0.32087912087911974,0.42163516483516333
4.584984540939331,0.000953688868543523,-0.1098901098901095,7.272609365814234,0.2857142857142847,0.3754285714285701
4.594906568527222,0.000953688868543523,0.012210012210012167,-12.305964785780198,0.36483516483516354,0.47939340659340485
4.6049041748046875,0.000953688868543523,0.08547008547008517,-7.327761388763437,0.4351648351648336,0.5718065934065913
4.614888668060303,0.000953688868543523,-0.06105006105006083,14.674770443431742,0.40879120879120734,0.5371516483516464
4.624916076660156,0.000953688868543523,-0.012210012210012167,-4.870655100337902,0.5406593406593423,0.7104263736263757
4.634886980056763,0.000953688868543523,-0.08547008547008517,7.347385722843003,0.22417582417582338,0.2945670329670319
4.644887924194336,0.000953688868543523,-0.0366300366300365,-4.883543810284681,0.29450549450549346,0.38698021978021835
4.6548850536346436,0.000953688868543523,-0.13431013431013383,9.770814538647372,0.347252747252746,0.4562901098901082
4.664886236190796,0.000953688868543523,-0.012210012210012167,-12.208568478235643,0.1978021978021971,0.259912087912087
4.674883842468262,0.000953688868543523,-0.012210012210012167,-0.0,0.08351648351648322,0.10974065934065895
4.684880971908569,0.000953688868543523,0.06105006105006083,-7.328110903985529,0.20659340659340586,0.27146373626373527
4.694882392883301,0.000953688868543523,0.1098901098901095,-4.883310977854334,0.42637362637362486,0.560254945054943
4.704879999160767,0.000953688868543523,-0.13431013431013383,24.425871295878125,0.347252747252746,0.4562901098901082
4.714875936508179,0.000953688868543523,-0.012210012210012167,-12.214974729881904,0.36483516483516354,0.47939340659340485
4.724908113479614,0.000953688868543523,-0.0366300366300365,2.4341700200818894,0.347252747252746,0.4562901098901082
4.734905958175659,0.000953688868543523,-0.06105006105006083,2.4425288812182417,0.23296703296703214,0.30611868131868025
4.744885444641113,0.000953688868543523,0.012210012210012167,-7.341066448025831,0.22417582417582338,0.2945670329670319
4.755002021789551,0.000953688868543523,0.012210012210012167,-0.0,0.3736263736263723,0.4909450549450532
4.765081405639648,0.000953688868543523,-0.0366300366300365,4.845539128820406,0.4351648351648336,0.5718065934065913
4.774915456771851,0.000953688868543523,0.06105006105006083,-9.932844192790336,0.3296703296703285,0.4331868131868116
4.784954071044922,0.000953688868543523,0.012210012210012167,4.865218197601508,0.18021978021977958,0.23680879120879034
4.794952154159546,0.000953688868543523,-0.08547008547008517,9.769882542506807,0.27692307692307594,0.36387692307692177
4.804952144622803,0.000953688868543523,0.012210012210012167,-9.768019083518656,0.4615384615384599,0.6064615384615363
4.814944744110107,0.000953688868543523,-0.08547008547008517,9.77524394970469,0.42637362637362486,0.560254945054943
4.8249170780181885,0.000953688868543523,-0.0366300366300365,-4.897554503311532,0.4439560439560424,0.5833582417582397
4.834944725036621,0.000953688868543523,-0.06105006105006083,2.435269647519098,0.2681318681318672,0.3523252747252735
4.844887018203735,0.000953688868543523,-0.012210012210012167,-4.912352514568271,0.3999999999999986,0.5255999999999981
4.854940414428711,0.000953688868543523,0.012210012210012167,-2.4290323263453826,0.3999999999999986,0.5255999999999981
4.8648841381073,0.000953688868543523,-0.06105006105006083,7.367468729829938,0.23296703296703214,0.30611868131868025
4.874932527542114,0.000953688868543523,0.06105006105006083,-12.151213176221438,0.347252747252746,0.4562901098901082
4.884939432144165,0.000953688868543523,-0.012210012210012167,7.320952499643029,0.10109890109890074,0.13284395604395557
4.894933223724365,0.000953688868543523,-0.012210012210012167,-0.0,0.29450549450549346,0.38698021978021835
4.904875993728638,0.000953688868543523,-0.15873015873015817,14.736350781239587,0.3999999999999986,0.5255999999999981
4.914875268936157,0.000953688868543523,-0.012210012210012167,-14.653076695995098,0.32087912087911974,0.42163516483516333
4.924908876419067,0.000953688868543523,-0.1831501831501825,17.03676082917594,0.40879120879120734,0.5371516483516464
4.9348838329315186,0.000953688868543523,0.0366300366300365,-22.03320079700396,0.38241758241758106,0.5024967032967015
4.9448747634887695,0.000953688868543523,-0.08547008547008517,12.221096063119644,0.4351648351648336,0.5718065934065913
4.9548773765563965,0.000953688868543523,0.012210012210012167,-9.765457987796704,0.5758241758241773,0.756632967032969
4.964881658554077,0.000953688868543523,-0.06105006105006083,7.322871674054889,0.2417582417582409,0.3176703296703285
4.974951505661011,0.000953688868543523,-0.06105006105006083,-0.0,0.47032967032966866,0.6180131868131845
4.9850077629089355,0.000953688868543523,0.012210012210012167,-7.285023787074545,0.40879120879120734,0.5371516483516464
4.99492073059082,0.000953688868543523,-0.012210012210012167,2.4634423518448636,0.4175824175824161,0.5487032967032948
5.004887819290161,0.000953688868543523,-0.012210012210012167,-0.0,0.32087912087911974,0.42163516483516333
5.0149760246276855,0.000953688868543523,-0.08547008547008517,7.261953024248274,0.38241758241758106,0.5024967032967015
5.025222539901733,0.000953688868543523,-0.1831501831501825,9.533006594690718,0.3736263736263723,0.4909450549450532
5.035267353057861,0.000953688868543523,0.06105006105006083,-24.311078803020518,0.3032967032967022,0.3985318681318667
5.045379877090454,0.000953688868543523,-0.0366300366300365,9.659319213014806,0.347252747252746,0.4562901098901082
5.055298089981079,0.000953688868543523,0.012210012210012167,-4.924279139663738,0.312087912087911,0.410083516483515
5.065570116043091,0.000953688868543523,-0.012210012210012167,2.377332794192873,0.27692307692307594,0.36387692307692177
5.07517147064209,0.000953688868543523,0.012210012210012167,-2.5433936605747496,0.27692307692307594,0.36387692307692177
5.085180282592773,0.000953688868543523,-0.012210012210012167,2.439852456050637,0.4615384615384599,0.6064615384615363
5.095243453979492,0.000953688868543523,-0.012210012210012167,-0.0,0.4351648351648336,0.5718065934065913
5.105217218399048,0.000953688868543523,-0.1098901098901095,9.793704119236558,0.4351648351648336,0.5718065934065913
5.115255355834961,0.000953688868543523,0.012210012210012167,-12.16362326972018,0.4439560439560424,0.5833582417582397
5.125490427017212,0.000953688868543523,-0.08547008547008517,9.543665690326423,0.4175824175824161,0.5487032967032948
5.134791374206543,0.000953688868543523,-0.012210012210012167,-7.8766250112793115,0.25054945054944966,0.32922197802197684
5.144682168960571,0.000953688868543523,0.0366300366300365,-4.937929666385718,0.18021978021977958,0.23680879120879034
5.1545631885528564,0.000953688868543523,0.0366300366300365,-0.0,0.36483516483516354,0.47939340659340485
5.164525508880615,0.000953688868543523,-0.012210012210012167,4.90247725762861,0.2417582417582409,0.3176703296703285
5.174649715423584,0.000953688868543523,-0.012210012210012167,-0.0,0.2593406593406584,0.3407736263736251
5.184643030166626,0.000953688868543523,0.06105006105006083,-7.330908226530293,0.2681318681318672,0.3523252747252735
5.19453239440918,0.000953688868543523,0.0366300366300365,2.4693219726851114,0.3912087912087898,0.5140483516483498
5.204533100128174,0.000953688868543523,0.012210012210012167,2.441830117413001,0.1978021978021971,0.259912087912087
5.21452522277832,0.000953688868543523,0.012210012210012167,-0.0,0.5318681318681335,0.6988747252747274
5.224519491195679,0.000953688868543523,-0.0366300366300365,4.886805797132839,0.25054945054944966,0.32922197802197684
5.234512805938721,0.000953688868543523,-0.08547008547008517,4.887272151020195,0.2681318681318672,0.3523252747252735
5.244512319564819,0.000953688868543523,-0.08547008547008517,-0.0,0.27692307692307594,0.36387692307692177
5.254509449005127,0.000953688868543523,0.13431013431013383,-21.984332711956586,0.40879120879120734,0.5371516483516464
5.264508008956909,0.000953688868543523,-0.012210012210012167,14.654124916661527,0.49670329670329494,0.6526681318681296
5.274502992630005,0.000953688868543523,-0.012210012210012167,-0.0,0.33846153846153726,0.4447384615384599
5.284501075744629,0.000953688868543523,-0.012210012210012167,-0.0,0.312087912087911,0.410083516483515
5.294499635696411,0.000953688868543523,0.06105006105006083,-7.327062458330763,0.22417582417582338,0.2945670329670319
5.304500341415405,0.000953688868543523,-0.0366300366300365,9.767320469652004,0.49670329670329494,0.6526681318681296
5.314497709274292,0.000953688868543523,0.0366300366300365,-7.32793614220684,0.312087912087911,0.410083516483515
5.324496507644653,0.000953688868543523,0.1098901098901095,-7.326887746554848,0.22417582417582338,0.2945670329670319
5.334500312805176,0.000953688868543523,0.0366300366300365,7.3232207229680695,0.1098901098901095,0.14439560439560387
5.344496726989746,0.000953688868543523,-0.1098901098901095,14.657270478678555,0.3032967032967022,0.3985318681318667
5.354499340057373,0.000953688868543523,-0.06105006105006083,-4.882728993898352,0.514285714285716,0.6757714285714308
5.36449408531189,0.000953688868543523,-0.06105006105006083,-0.0,0.2417582417582409,0.3176703296703285
5.374493837356567,0.000953688868543523,-0.06105006105006083,-0.0,0.38241758241758106,0.5024967032967015
5.38467812538147,0.000953688868543523,-0.1098901098901095,4.795627217202254,0.33846153846153726,0.4447384615384599
5.394540786743164,0.000953688868543523,0.012210012210012167,-12.380037965649642,0.38241758241758106,0.5024967032967015
5.404507875442505,0.000953688868543523,0.0366300366300365,-2.4500659276403716,0.27692307692307594,0.36387692307692177
5.414500713348389,0.000953688868543523,0.08547008547008517,-4.88750536134401,0.2417582417582409,0.3176703296703285
5.424493074417114,0.000953688868543523,-0.06105006105006083,14.66321578177649,0.2417582417582409,0.3176703296703285
5.4344916343688965,0.000953688868543523,-0.012210012210012167,-4.8847083055538425,0.2417582417582409,0.3176703296703285
5.44449520111084,0.000953688868543523,0.0366300366300365,-4.882263506602113,0.3032967032967022,0.3985318681318667
5.45449161529541,0.000953688868543523,0.012210012210012167,2.4428784131130925,0.40879120879120734,0.5371516483516464
5.4644904136657715,0.000953688868543523,-0.13431013431013383,14.653775493109697,0.2857142857142847,0.3754285714285701
5.4744873046875,0.000953688868543523,-0.0366300366300365,-9.771047565466802,0.3736263736263723,0.4909450549450532
5.4844865798950195,0.000953688868543523,-0.0366300366300365,-0.0,0.17142857142857082,0.22525714285714205
5.4944846630096436,0.000953688868543523,0.13431013431013383,-17.09729444938691,0.20659340659340586,0.27146373626373527
5.504485845565796,0.000953688868543523,-0.0366300366300365,17.0919958695299,0.40879120879120734,0.5371516483516464
5.514485597610474,0.000953688868543523,0.0366300366300365,-7.32618898276232,0.32087912087911974,0.42163516483516333
5.524483680725098,0.000953688868543523,-0.0366300366300365,7.327411906880106,0.2593406593406584,0.3407736263736251
5.534480333328247,0.000953688868543523,0.06105006105006083,-9.771280603401536,0.12747252747252702,0.1674989010989005
5.544510841369629,0.000953688868543523,-0.0366300366300365,9.738300121699579,0.33846153846153726,0.4447384615384599
5.554486274719238,0.000953688868543523,-0.012210012210012167,-2.4480163983031966,0.4439560439560424,0.5833582417582397
5.564486980438232,0.000953688868543523,0.0366300366300365,-4.883660234826002,0.42637362637362486,0.560254945054943
5.5745017528533936,0.000953688868543523,0.20757020757020683,-17.068802350554463,0.3032967032967022,0.3985318681318667
5.584502220153809,0.000953688868543523,-0.06105006105006083,26.860771657052407,0.347252747252746,0.4562901098901082
5.594557285308838,0.000953688868543523,-0.0366300366300365,-2.428629157893625,0.3032967032967022,0.3985318681318667
5.604506492614746,0.000953688868543523,-0.0366300366300365,-0.0,0.3912087912087898,0.5140483516483498
5.61451268196106,0.000953688868543523,0.0366300366300365,-7.321475811075251,0.22417582417582338,0.2945670329670319
5.624505519866943,0.000953688868543523,-0.0366300366300365,7.331258042016015,0.23296703296703214,0.30611868131868025
5.634501695632935,0.0013351644159609322,0.1098901098901095,-14.657620068930152,0.08351648351648322,0.10974065934065895
5.644500970840454,0.000953688868543523,0.1098901098901095,-0.0,0.5318681318681335,0.6988747252747274
5.654499292373657,0.000953688868543523,-0.06105006105006083,17.096886749690963,0.21538461538461462,0.2830153846153836
5.66449499130249,0.000953688868543523,-0.06105006105006083,-0.0,0.23296703296703214,0.30611868131868025
5.674497365951538,0.000953688868543523,0.0366300366300365,-9.765690759183443,0.3560439560439548,0.46784175824175656
5.684493541717529,0.000953688868543523,0.0366300366300365,-0.0,0.21538461538461462,0.2830153846153836
